t_sec,risk_R,prob_P,impact_I,severity_S,sprot_m,cognitive_C,mode,lambda,min_distance_m,nearest_body_part,human_tracking,kit_name,task_item,condition_label
0.208,0.3000,1.0000,1.0000,0.30,0.8230,0.8500,HumanLed,0.0000,0.3619,L_Hand,True,Kit A,Bolt,
0.417,0.3000,1.0000,1.0000,0.30,0.8230,0.8500,HumanLed,0.0000,0.3619,L_Hand,True,Kit A,Bolt,
0.624,0.3000,1.0000,1.0000,0.30,0.8230,0.8500,HumanLed,0.0000,0.3546,L_Hand,True,Kit A,Bolt,
0.833,0.3000,1.0000,1.0000,0.30,0.8230,0.8500,HumanLed,0.0000,0.3546,L_Hand,True,Kit A,Bolt,
1.041,0.3000,1.0000,1.0000,0.30,0.8230,0.8500,HumanLed,0.0000,0.3546,L_Hand,True,Kit A,Bolt,
1.250,0.3000,1.0000,1.0000,0.30,0.8230,0.8500,HumanLed,0.0000,0.3688,R_Hand,True,Kit A,Bolt,
1.457,0.3000,1.0000,1.0000,0.30,0.8230,0.8500,HumanLed,0.0000,0.3807,R_Hand,True,Kit A,Bolt,
1.666,0.3000,1.0000,1.0000,0.30,0.8230,0.8500,HumanLed,0.0000,0.3963,R_Hand,True,Kit A,Bolt,
1.876,0.3000,1.0000,1.0000,0.30,0.8230,0.8500,HumanLed,0.0000,0.3065,R_Hand,True,Kit A,Bolt,
2.084,0.3000,1.0000,1.0000,0.30,0.8230,0.8500,HumanLed,0.0000,0.2985,R_Hand,True,Kit A,Bolt,
2.291,0.3000,1.0000,1.0000,0.30,0.8230,0.8500,HumanLed,0.0000,0.2838,R_Hand,True,Kit A,Bolt,
2.504,0.3000,1.0000,1.0000,0.30,0.8230,0.8500,HumanLed,0.0000,0.2648,R_Hand,True,Kit A,Bolt,
2.708,0.3000,1.0000,1.0000,0.30,0.8230,0.8500,HumanLed,0.0000,0.2313,R_Hand,True,Kit A,Bolt,
2.917,0.3000,1.0000,1.0000,0.30,0.8230,0.8500,HumanLed,0.0000,0.2294,R_Hand,True,Kit A,Bolt,
3.124,0.3000,1.0000,1.0000,0.30,0.8230,0.8500,HumanLed,0.0000,0.2294,R_Hand,True,Kit A,Bolt,
3.333,0.3000,1.0000,1.0000,0.30,0.8230,0.8500,HumanLed,0.0000,0.2353,R_Hand,True,Kit A,Bolt,
3.541,0.3000,1.0000,1.0000,0.30,0.8230,0.8500,HumanLed,0.0000,0.2559,R_Hand,True,Kit A,Bolt,
3.750,0.3000,1.0000,1.0000,0.30,0.8230,0.8500,HumanLed,0.0000,0.2756,R_Hand,True,Kit A,Bolt,
3.958,0.3000,1.0000,1.0000,0.30,0.8230,0.8500,HumanLed,0.0000,0.2587,R_Hand,True,Kit A,Bolt,
4.167,0.3000,1.0000,1.0000,0.30,0.8230,0.8500,HumanLed,0.0000,0.2357,R_Hand,True,Kit A,Bolt,
4.375,0.3000,1.0000,1.0000,0.30,0.8230,0.8500,HumanLed,0.0000,0.2357,R_Hand,True,Kit A,Bolt,
4.584,0.3000,1.0000,1.0000,0.30,0.8230,0.8500,HumanLed,0.0000,0.2072,R_Hand,True,Kit A,Bolt,
4.791,0.3000,1.0000,1.0000,0.30,0.8230,0.8500,HumanLed,0.0000,0.2072,R_Hand,True,Kit A,Bolt,
5.000,0.3000,1.0000,1.0000,0.30,0.8230,0.8500,HumanLed,0.0000,0.2388,R_Hand,True,Kit A,Bolt,
5.208,0.3000,1.0000,1.0000,0.30,0.8230,0.8500,HumanLed,0.0000,0.2388,L_Hand,True,Kit A,Bolt,
5.417,0.3000,1.0000,1.0000,0.30,0.8230,0.8500,HumanLed,0.0000,0.2713,L_Hand,True,Kit A,Bolt,
5.625,0.3000,1.0000,1.0000,0.30,0.8230,0.8500,HumanLed,0.0000,0.3985,L_Hand,True,Kit A,Bolt,
5.833,0.3000,1.0000,1.0000,0.30,0.8230,0.8500,HumanLed,0.0000,0.3983,L_Hand,True,Kit A,Bolt,
6.042,0.3000,1.0000,1.0000,0.30,0.8230,0.8500,HumanLed,0.0000,0.3983,L_Hand,True,Kit A,Bolt,
6.250,0.3000,1.0000,1.0000,0.30,0.8230,0.8500,HumanLed,0.0000,0.3950,L_Hand,True,Kit A,Bolt,
6.458,0.3000,1.0000,1.0000,0.30,0.8230,0.8500,HumanLed,0.0000,0.3950,L_Hand,True,Kit A,Bolt,
6.667,0.3000,1.0000,1.0000,0.30,0.8230,0.8500,HumanLed,0.0000,0.3950,L_Hand,True,Kit A,Bolt,
6.874,0.3000,1.0000,1.0000,0.30,0.8230,0.8500,HumanLed,0.0000,0.3965,L_Hand,True,Kit A,Bolt,
7.084,0.3000,1.0000,1.0000,0.30,0.8230,0.8500,HumanLed,0.0000,0.3951,L_Hand,True,Kit A,Bolt,
7.291,0.3000,1.0000,1.0000,0.30,0.8230,0.8500,HumanLed,0.0000,0.3946,L_Hand,True,Kit A,Bolt,
7.500,0.3000,1.0000,1.0000,0.30,0.8230,0.8500,HumanLed,0.0000,0.3946,L_Hand,True,Kit A,Bolt,
7.708,0.3000,1.0000,1.0000,0.30,0.8230,0.8500,HumanLed,0.0000,0.3627,R_Hand,True,Kit A,Bolt,
7.917,0.3000,1.0000,1.0000,0.30,0.8230,0.8500,HumanLed,0.0000,0.3564,R_Hand,True,Kit A,Bolt,
8.125,0.3000,1.0000,1.0000,0.30,0.8230,0.8500,HumanLed,0.0000,0.3564,L_Hand,True,Kit A,Bolt,
8.333,0.3000,1.0000,1.0000,0.30,0.8230,0.8500,HumanLed,0.0000,0.3640,L_Hand,True,Kit A,Bolt,
8.541,0.3000,1.0000,1.0000,0.30,0.8230,0.8500,HumanLed,0.0000,0.3905,L_Hand,True,Kit A,Bolt,
8.750,0.3000,1.0000,1.0000,0.30,0.8230,0.8500,HumanLed,0.0000,0.3682,R_Hand,True,Kit A,Bolt,
8.958,0.3000,1.0000,1.0000,0.30,0.8230,0.8500,HumanLed,0.0000,0.3340,R_Hand,True,Kit A,Bolt,
9.166,0.3000,1.0000,1.0000,0.30,0.8230,0.8500,HumanLed,0.0000,0.3127,R_Hand,True,Kit A,Bolt,
9.375,0.3000,1.0000,1.0000,0.30,0.8230,0.8500,HumanLed,0.0000,0.3021,R_Hand,True,Kit A,Bolt,
9.583,0.3000,1.0000,1.0000,0.30,0.8230,0.8500,HumanLed,0.0000,0.3021,R_Hand,True,Kit A,Bolt,
9.791,0.3000,1.0000,1.0000,0.30,0.8230,0.8500,HumanLed,0.0000,0.3026,L_Hand,True,Kit A,Bolt,
9.999,0.3000,1.0000,1.0000,0.30,0.8230,0.8500,HumanLed,0.0000,0.2418,L_Hand,True,Kit A,Bolt,
10.208,0.3000,1.0000,1.0000,0.30,0.8230,0.8500,HumanLed,0.0000,0.1870,L_Hand,True,Kit A,Bolt,
10.417,0.3000,1.0000,1.0000,0.30,0.8230,0.8500,HumanLed,0.0000,0.1870,L_Hand,True,Kit A,Bolt,
10.624,0.3000,1.0000,1.0000,0.30,0.8230,0.8500,HumanLed,0.0000,0.1870,L_Hand,True,Kit A,Bolt,
10.833,0.3000,1.0000,1.0000,0.30,0.8230,0.8500,HumanLed,0.0000,0.2034,L_Hand,True,Kit A,Bolt,
11.041,0.3000,1.0000,1.0000,0.30,0.8230,0.8500,HumanLed,0.0000,0.2036,L_Hand,True,Kit A,Bolt,
11.250,0.3000,1.0000,1.0000,0.30,0.8230,0.8500,HumanLed,0.0000,0.2036,L_Hand,True,Kit A,Bolt,
11.457,0.3000,1.0000,1.0000,0.30,0.8230,0.8500,HumanLed,0.0000,0.2037,L_Hand,True,Kit A,Bolt,
11.666,0.3000,1.0000,1.0000,0.30,0.8230,0.8500,HumanLed,0.0000,0.2039,L_Hand,True,Kit A,Bolt,
11.875,0.3000,1.0000,1.0000,0.30,0.8230,0.8500,HumanLed,0.0000,0.2035,L_Hand,True,Kit A,Bolt,
12.083,0.3000,1.0000,1.0000,0.30,0.8230,0.8500,HumanLed,0.0000,0.2032,L_Hand,True,Kit A,Bolt,
12.291,0.3000,1.0000,1.0000,0.30,0.8230,0.8500,HumanLed,0.0000,0.2032,L_Hand,True,Kit A,Bolt,
12.499,0.3000,1.0000,1.0000,0.30,0.8230,0.8500,HumanLed,0.0000,0.2040,L_Hand,True,Kit A,Bolt,
12.708,0.3000,1.0000,1.0000,0.30,0.8230,0.8500,HumanLed,0.0000,0.2069,L_Hand,True,Kit A,Bolt,
12.916,0.3000,1.0000,1.0000,0.30,0.8230,0.8500,HumanLed,0.0000,0.2079,L_Hand,True,Kit A,Bolt,
13.124,0.3000,1.0000,1.0000,0.30,0.8230,0.8500,HumanLed,0.0000,0.2079,L_Hand,True,Kit A,Bolt,
13.333,0.3000,1.0000,1.0000,0.30,0.8230,0.8500,HumanLed,0.0000,0.2083,L_Hand,True,Kit A,Bolt,
13.541,0.3000,1.0000,1.0000,0.30,0.8230,0.8500,HumanLed,0.0000,0.1812,L_Hand,True,Kit A,Bolt,
13.750,0.3000,1.0000,1.0000,0.30,0.8230,0.8500,HumanLed,0.0000,0.1734,L_Hand,True,Kit A,Bolt,
13.958,0.3000,1.0000,1.0000,0.30,0.8230,0.8500,HumanLed,0.0000,0.1734,L_Hand,True,Kit A,Bolt,
14.166,0.3000,1.0000,1.0000,0.30,0.8230,0.3308,HumanLed,0.0000,0.1892,R_Hand,True,Kit A,Bolt,
14.374,0.3000,1.0000,1.0000,0.30,0.8230,0.3308,HumanLed,0.0000,0.2147,R_Hand,True,Kit A,Bolt,
14.583,0.3000,1.0000,1.0000,0.30,0.8230,0.3308,HumanLed,0.0000,0.2523,R_Hand,True,Kit A,Bolt,
14.791,0.3000,1.0000,1.0000,0.30,0.8230,0.3308,HumanLed,0.0000,0.2223,L_Hand,True,Kit A,Bolt,
15.000,0.3000,1.0000,1.0000,0.30,0.8230,0.3308,HumanLed,0.0000,0.2222,L_Hand,True,Kit A,Bolt,
15.207,0.3000,1.0000,1.0000,0.30,0.8230,0.3308,HumanLed,0.0000,0.2222,L_Hand,True,Kit A,Bolt,
15.417,0.3000,1.0000,1.0000,0.30,0.8230,0.3308,HumanLed,0.0000,0.2306,L_Hand,True,Kit A,Bolt,
15.624,0.3000,1.0000,1.0000,0.30,0.8230,0.3308,HumanLed,0.0000,0.2082,L_Hand,True,Kit A,Bolt,
15.833,0.3000,1.0000,1.0000,0.30,0.8230,0.3308,HumanLed,0.0000,0.1899,L_Hand,True,Kit A,Bolt,
16.041,0.5000,1.0000,1.0000,0.50,0.8230,0.3308,HumanLed,0.0000,0.1899,R_Forearm,True,Kit A,Bolt,
16.250,0.5000,1.0000,1.0000,0.50,0.8230,0.3308,HumanLed,0.0000,0.1853,R_Forearm,True,Kit A,Bolt,
16.463,0.5000,1.0000,1.0000,0.50,0.8230,0.3308,HumanLed,0.0000,0.1703,R_Forearm,True,Kit A,Bolt,
16.667,0.5000,1.0000,1.0000,0.50,0.8230,0.3308,HumanLed,0.0000,0.1703,R_Forearm,True,Kit A,Bolt,
16.874,0.3000,1.0000,1.0000,0.30,0.8230,0.3308,HumanLed,0.0000,0.0658,R_Hand,True,Kit A,Bolt,
17.083,0.3000,1.0000,1.0000,0.30,0.8230,0.3308,HumanLed,0.0000,0.0658,R_Hand,True,Kit A,Bolt,
17.291,0.3000,1.0000,1.0000,0.30,0.8230,0.3308,HumanLed,0.0000,0.0658,L_Hand,True,Kit A,Bolt,
17.500,0.3000,1.0000,1.0000,0.30,0.8230,0.3308,HumanLed,0.0000,0.0943,L_Hand,True,Kit A,Bolt,
17.708,0.3000,1.0000,1.0000,0.30,0.8230,0.3308,HumanLed,0.0000,0.1785,R_Hand,True,Kit A,Bolt,
17.916,0.3000,1.0000,1.0000,0.30,0.8230,0.3308,HumanLed,0.0000,0.1785,L_Hand,True,Kit A,Bolt,
18.124,0.3000,1.0000,1.0000,0.30,0.8230,0.3308,HumanLed,0.0000,0.1785,L_Hand,True,Kit A,Bolt,
18.335,0.3000,1.0000,1.0000,0.30,0.8230,0.3308,HumanLed,0.0000,0.1221,L_Hand,True,Kit A,Bolt,
18.542,0.3000,1.0000,1.0000,0.30,0.8230,0.3308,HumanLed,0.0000,0.1221,L_Hand,True,Kit A,Bolt,
18.749,0.3000,1.0000,1.0000,0.30,0.8230,0.3308,HumanLed,0.0000,0.1444,L_Hand,True,Kit A,Bolt,
18.958,0.3000,1.0000,1.0000,0.30,0.8230,0.3308,HumanLed,0.0000,0.1587,L_Hand,True,Kit A,Bolt,
19.166,0.7000,1.0000,1.0000,0.70,0.8230,0.3308,HumanLed,0.0000,0.1133,R_UpperArm,True,Kit A,Bolt,
19.374,0.3000,1.0000,1.0000,0.30,0.8230,0.3308,HumanLed,0.0000,0.0833,L_Hand,True,Kit A,Bolt,
19.583,0.7000,1.0000,1.0000,0.70,0.8230,0.3308,HumanLed,0.0000,0.0778,R_UpperArm,True,Kit A,Bolt,
19.790,0.7000,1.0000,1.0000,0.70,0.8230,0.3308,HumanLed,0.0000,0.0778,R_UpperArm,True,Kit A,Bolt,
19.999,0.5000,1.0000,1.0000,0.50,0.8230,0.3308,HumanLed,0.0000,0.0784,R_Forearm,True,Kit A,Bolt,
20.208,0.3000,1.0000,1.0000,0.30,0.8230,0.3308,HumanLed,0.0000,0.0320,R_Hand,True,Kit A,Bolt,
20.416,0.3000,1.0000,1.0000,0.30,0.8230,0.3308,HumanLed,0.0000,0.0320,R_Hand,True,Kit A,Bolt,
20.624,0.3000,1.0000,1.0000,0.30,0.8230,0.3308,HumanLed,0.0000,0.0320,L_Hand,True,Kit A,Bolt,
20.833,0.3000,1.0000,1.0000,0.30,0.8230,0.3308,HumanLed,0.0000,0.0752,L_Hand,True,Kit A,Bolt,
21.040,0.3000,1.0000,1.0000,0.30,0.8230,0.3308,HumanLed,0.0000,0.1912,L_Hand,True,Kit A,Bolt,
21.249,0.3000,1.0000,1.0000,0.30,0.8230,0.3308,HumanLed,0.0000,0.1912,L_Hand,True,Kit A,Bolt,
21.456,0.3000,1.0000,1.0000,0.30,0.8230,0.3308,HumanLed,0.0000,0.1474,L_Hand,True,Kit A,Bolt,
21.666,0.3000,1.0000,1.0000,0.30,0.8230,0.3308,HumanLed,0.0000,0.1474,L_Hand,True,Kit A,Bolt,
21.873,0.3000,1.0000,1.0000,0.30,0.8230,0.3308,HumanLed,0.0000,0.1474,L_Hand,True,Kit A,Bolt,
22.083,0.3000,1.0000,1.0000,0.30,0.8230,0.3308,HumanLed,0.0000,0.1699,L_Hand,True,Kit A,Bolt,
22.290,0.3000,1.0000,1.0000,0.30,0.8230,0.3308,HumanLed,0.0000,0.1699,L_Hand,True,Kit A,Bolt,
22.499,0.3000,1.0000,1.0000,0.30,0.8230,0.3308,HumanLed,0.0000,0.1699,L_Hand,True,Kit A,Bolt,
22.706,0.3000,1.0000,1.0000,0.30,0.8230,0.3308,HumanLed,0.0000,0.1749,L_Hand,True,Kit A,Bolt,
22.916,0.5000,1.0000,1.0000,0.50,0.8230,0.3308,HumanLed,0.0000,0.2168,L_Forearm,True,Kit A,Bolt,
23.124,0.7000,1.0000,1.0000,0.70,0.8230,0.3308,HumanLed,0.0000,0.2474,L_UpperArm,True,Kit A,Bolt,
23.332,0.7000,1.0000,1.0000,0.70,0.8230,0.3308,HumanLed,0.0000,0.2351,L_UpperArm,True,Kit A,Bolt,
23.541,0.7000,1.0000,1.0000,0.70,0.8230,0.3308,HumanLed,0.0000,0.2197,L_UpperArm,True,Kit A,Bolt,
23.750,0.7000,1.0000,1.0000,0.70,0.8230,0.3308,HumanLed,0.0000,0.1926,L_UpperArm,True,Kit A,Bolt,
23.959,0.3000,1.0000,1.0000,0.30,0.8230,0.3308,HumanLed,0.0000,0.1926,L_Hand,True,Kit A,Bolt,
24.166,0.3000,1.0000,1.0000,0.30,0.8230,0.3308,HumanLed,0.0000,0.1918,L_Hand,True,Kit A,Bolt,
24.374,0.3000,1.0000,1.0000,0.30,0.8230,0.3308,HumanLed,0.0000,0.1918,L_Hand,True,Kit A,Bolt,
24.583,0.3000,1.0000,1.0000,0.30,0.8230,0.3308,HumanLed,0.0000,0.1413,R_Hand,True,Kit A,Bolt,
24.792,0.3000,1.0000,1.0000,0.30,0.8230,0.3308,HumanLed,0.0000,0.1160,R_Hand,True,Kit A,Bolt,
24.999,0.3000,1.0000,1.0000,0.30,0.8230,0.3308,HumanLed,0.0000,0.1160,L_Hand,True,Kit A,Bolt,
25.207,0.3000,1.0000,1.0000,0.30,0.8230,0.3308,HumanLed,0.0000,0.1461,L_Hand,True,Kit A,Bolt,
25.416,0.3000,1.0000,1.0000,0.30,0.8230,0.3308,HumanLed,0.0000,0.1864,L_Hand,True,Kit A,Bolt,
25.624,0.3000,1.0000,1.0000,0.30,0.8230,0.3308,HumanLed,0.0000,0.1813,L_Hand,True,Kit A,Bolt,
25.833,0.3000,1.0000,1.0000,0.30,0.8230,0.3308,HumanLed,0.0000,0.1813,L_Hand,True,Kit A,Bolt,
26.041,0.3000,1.0000,1.0000,0.30,0.8230,0.3308,HumanLed,0.0000,0.1777,R_Hand,True,Kit A,Bolt,
26.250,0.3000,1.0000,1.0000,0.30,0.8230,0.3308,HumanLed,0.0000,0.1539,R_Hand,True,Kit A,Bolt,
26.459,0.3000,1.0000,1.0000,0.30,0.8230,0.3308,HumanLed,0.0000,0.1148,R_Hand,True,Kit A,Bolt,
26.666,0.3000,1.0000,1.0000,0.30,0.8230,0.3308,HumanLed,0.0000,0.0927,R_Hand,True,Kit A,Bolt,
26.874,0.3000,1.0000,1.0000,0.30,0.8230,0.3308,HumanLed,0.0000,0.0883,R_Hand,True,Kit A,Bolt,
27.083,0.3000,1.0000,1.0000,0.30,0.8230,0.3308,HumanLed,0.0000,0.0767,R_Hand,True,Kit A,Bolt,
27.291,0.3000,1.0000,1.0000,0.30,0.8230,0.3308,HumanLed,0.0000,0.0764,R_Hand,True,Kit A,Bolt,
27.499,0.3000,1.0000,1.0000,0.30,0.8230,0.3308,HumanLed,0.0000,0.0764,L_Hand,True,Kit A,Bolt,
27.707,0.3000,1.0000,1.0000,0.30,0.8230,0.3308,HumanLed,0.0000,0.0841,L_Hand,True,Kit A,Bolt,
27.916,0.3000,1.0000,1.0000,0.30,0.8230,0.3308,HumanLed,0.0000,0.1407,L_Hand,True,Kit A,Bolt,
28.123,0.3000,1.0000,1.0000,0.30,0.8230,0.3308,HumanLed,0.0000,0.1251,L_Hand,True,Kit A,Bolt,
28.332,0.3000,1.0000,1.0000,0.30,0.8230,0.3308,HumanLed,0.0000,0.1176,L_Hand,True,Kit A,Bolt,
28.540,0.3000,1.0000,1.0000,0.30,0.8230,0.3308,HumanLed,0.0000,0.1176,L_Hand,True,Kit A,Bolt,
28.749,0.3000,1.0000,1.0000,0.30,0.8230,0.3308,HumanLed,0.0000,0.1275,R_Hand,True,Kit A,Bolt,
28.957,0.3000,1.0000,1.0000,0.30,0.8230,0.3308,HumanLed,0.0000,0.1580,R_Hand,True,Kit A,Bolt,
29.166,0.3000,1.0000,1.0000,0.30,0.8230,0.3308,HumanLed,0.0000,0.1625,R_Hand,True,Kit A,Bolt,
29.374,0.3000,1.0000,1.0000,0.30,0.8230,0.3308,HumanLed,0.0000,0.1627,R_Hand,True,Kit A,Bolt,
29.582,0.3000,1.0000,1.0000,0.30,0.8230,0.3308,HumanLed,0.0000,0.1623,R_Hand,True,Kit A,Bolt,
29.790,0.3000,1.0000,1.0000,0.30,0.8230,0.3308,HumanLed,0.0000,0.1623,R_Hand,True,Kit A,Bolt,
29.999,0.3000,1.0000,1.0000,0.30,0.8230,0.3308,HumanLed,0.0000,0.1629,R_Hand,True,Kit A,Bolt,
30.207,0.3000,1.0000,1.0000,0.30,0.8230,0.3308,HumanLed,0.0000,0.1642,R_Hand,True,Kit A,Bolt,
30.416,0.3000,1.0000,1.0000,0.30,0.8230,0.3308,HumanLed,0.0000,0.1670,R_Hand,True,Kit A,Bolt,
30.624,0.3000,1.0000,1.0000,0.30,0.8230,0.3308,HumanLed,0.0000,0.1626,R_Hand,True,Kit A,Bolt,
30.832,0.3000,1.0000,1.0000,0.30,0.8230,0.8499,HumanLed,0.0000,0.1232,R_Hand,True,Kit A,Bolt,
31.040,0.3000,1.0000,1.0000,0.30,0.8230,0.8499,HumanLed,0.0000,0.1218,R_Hand,True,Kit A,Bolt,
31.249,0.3000,1.0000,1.0000,0.30,0.8230,0.8499,HumanLed,0.0000,0.1218,R_Hand,True,Kit A,Bolt,
31.456,0.3000,1.0000,1.0000,0.30,0.8230,0.8499,HumanLed,0.0000,0.1299,R_Hand,True,Kit A,Bolt,
31.664,0.3000,1.0000,1.0000,0.30,0.8230,0.8499,HumanLed,0.0000,0.1440,R_Hand,True,Kit A,Bolt,
31.873,0.3000,1.0000,1.0000,0.30,0.8230,0.8499,HumanLed,0.0000,0.1269,R_Hand,True,Kit A,Bolt,
32.082,0.3000,1.0000,1.0000,0.30,0.8230,0.8499,HumanLed,0.0000,0.1239,R_Hand,True,Kit A,Bolt,
32.290,0.3000,1.0000,1.0000,0.30,0.8230,0.8499,HumanLed,0.0000,0.1239,R_Hand,True,Kit A,Bolt,
32.499,0.3000,1.0000,1.0000,0.30,0.8230,0.8499,HumanLed,0.0000,0.1286,R_Hand,True,Kit A,Bolt,
32.707,0.3000,1.0000,1.0000,0.30,0.8230,0.8499,HumanLed,0.0000,0.1339,R_Hand,True,Kit A,Bolt,
32.916,0.3000,1.0000,1.0000,0.30,0.8230,0.8499,HumanLed,0.0000,0.0992,R_Hand,True,Kit A,Bolt,
33.123,0.3000,1.0000,1.0000,0.30,0.8230,0.8499,HumanLed,0.0000,0.0846,R_Hand,True,Kit A,Bolt,
33.332,0.3000,1.0000,1.0000,0.30,0.8230,0.8499,HumanLed,0.0000,0.0846,R_Hand,True,Kit A,Bolt,
33.540,0.3000,1.0000,1.0000,0.30,0.8230,0.8499,HumanLed,0.0000,0.0846,R_Hand,True,Kit A,Bolt,
33.750,0.3000,1.0000,1.0000,0.30,0.8230,0.8499,HumanLed,0.0000,0.0935,R_Hand,True,Kit A,Bolt,
33.958,0.3000,1.0000,1.0000,0.30,0.8230,0.8499,HumanLed,0.0000,0.0935,R_Hand,True,Kit A,Bolt,
34.166,0.3000,1.0000,1.0000,0.30,0.8230,0.8499,HumanLed,0.0000,0.0828,R_Hand,True,Kit A,Bolt,
34.374,0.3000,1.0000,1.0000,0.30,0.8230,0.8499,HumanLed,0.0000,0.0791,R_Hand,True,Kit A,Bolt,
34.582,0.3000,1.0000,1.0000,0.30,0.8230,0.8499,HumanLed,0.0000,0.0791,R_Hand,True,Kit A,Bolt,
34.789,0.3000,1.0000,1.0000,0.30,0.8230,0.8499,HumanLed,0.0000,0.0791,R_Hand,True,Kit A,Bolt,
34.999,0.3000,1.0000,1.0000,0.30,0.8230,0.8499,HumanLed,0.0000,0.0818,R_Hand,True,Kit A,Bolt,
35.207,0.3000,1.0000,1.0000,0.30,0.8230,0.8499,HumanLed,0.0000,0.0844,R_Hand,True,Kit A,Bolt,
35.416,0.3000,1.0000,1.0000,0.30,0.8230,0.8499,HumanLed,0.0000,0.0682,R_Hand,True,Kit A,Bolt,
35.623,0.3000,1.0000,1.0000,0.30,0.8230,0.8499,HumanLed,0.0000,0.0682,L_Hand,True,Kit A,Bolt,
35.832,0.3000,1.0000,1.0000,0.30,0.8230,0.8499,HumanLed,0.0000,0.0682,L_Hand,True,Kit A,Bolt,
36.040,0.3000,1.0000,1.0000,0.30,0.8230,0.8499,HumanLed,0.0000,0.1559,L_Hand,True,Kit A,Bolt,
36.249,0.3000,1.0000,1.0000,0.30,0.8230,0.8499,HumanLed,0.0000,0.1566,L_Hand,True,Kit A,Bolt,
36.457,0.7000,1.0000,1.0000,0.70,0.8230,0.8499,HumanLed,0.0000,0.1467,R_UpperArm,True,Kit A,Bolt,
36.666,0.7000,1.0000,1.0000,0.70,0.8230,0.8499,Safety,0.0000,0.1410,R_UpperArm,True,Kit A,Bolt,
36.874,0.7000,1.0000,1.0000,0.70,0.8230,0.8499,Safety,0.0000,0.1404,R_UpperArm,True,Kit A,Bolt,
37.083,0.3000,1.0000,1.0000,0.30,0.8230,0.8499,Safety,0.0000,0.1404,L_Hand,True,Kit A,Bolt,
37.291,0.3000,1.0000,1.0000,0.30,0.8230,0.8499,Safety,0.0000,0.1442,L_Hand,True,Kit A,Bolt,
37.499,0.3000,1.0000,1.0000,0.30,0.8230,0.8499,Safety,0.0000,0.1449,L_Hand,True,Kit A,Bolt,
37.707,0.3000,1.0000,1.0000,0.30,0.8230,0.8499,Safety,0.0000,0.1300,L_Hand,True,Kit A,Bolt,
37.916,0.3000,1.0000,1.0000,0.30,0.8230,0.8499,Safety,0.0000,0.0770,R_Hand,True,Kit A,Bolt,
38.123,0.3000,1.0000,1.0000,0.30,0.8230,0.8499,Safety,0.0000,0.0770,L_Hand,True,Kit A,Bolt,
38.332,0.3000,1.0000,1.0000,0.30,0.8230,0.8499,Safety,0.0000,0.0775,R_Hand,True,Kit A,Bolt,
38.541,0.3000,1.0000,1.0000,0.30,0.8230,0.8499,Safety,0.0000,0.1716,R_Hand,True,Kit A,Bolt,
38.749,0.3000,1.0000,1.0000,0.30,0.8230,0.8499,Safety,0.0000,0.1716,L_Hand,True,Kit A,Bolt,
38.956,0.3000,1.0000,1.0000,0.30,0.8230,0.8499,Safety,0.0000,0.1766,L_Hand,True,Kit A,Bolt,
39.165,0.3000,1.0000,1.0000,0.30,0.8230,0.8499,Safety,0.0000,0.1772,L_Hand,True,Kit A,Bolt,
39.373,0.3000,1.0000,1.0000,0.30,0.8230,0.8499,Safety,0.0000,0.1974,L_Hand,True,Kit A,Bolt,
39.582,0.3000,1.0000,1.0000,0.30,0.8230,0.8499,Safety,0.0000,0.1975,L_Hand,True,Kit A,Bolt,
39.789,0.3000,1.0000,1.0000,0.30,0.8230,0.8499,Safety,0.0000,0.1975,L_Hand,True,Kit A,Bolt,
39.998,0.3000,1.0000,1.0000,0.30,0.8230,0.8499,Safety,0.0000,0.1979,L_Hand,True,Kit A,Bolt,
40.206,0.3000,1.0000,1.0000,0.30,0.8230,0.8499,Safety,0.0000,0.1981,L_Hand,True,Kit A,Bolt,
40.414,0.3000,1.0000,1.0000,0.30,0.8230,0.8499,Safety,0.0000,0.1981,L_Hand,True,Kit A,Bolt,
40.623,0.3000,1.0000,1.0000,0.30,0.8230,0.8499,Safety,0.0000,0.1983,L_Hand,True,Kit A,Bolt,
40.831,0.3000,1.0000,1.0000,0.30,0.8230,0.8499,Safety,0.0000,0.1984,L_Hand,True,Kit A,Bolt,
41.039,0.3000,1.0000,1.0000,0.30,0.8230,0.8499,Safety,0.0000,0.1796,R_Hand,True,Kit A,Bolt,
41.248,0.3000,1.0000,1.0000,0.30,0.8230,0.8499,Safety,0.0000,0.1664,L_Hand,True,Kit A,Bolt,
41.456,0.3000,1.0000,1.0000,0.30,0.8230,0.8499,Safety,0.0000,0.1664,L_Hand,True,Kit A,Bolt,
41.665,0.3000,1.0000,1.0000,0.30,0.8230,0.8499,Safety,0.0000,0.1763,R_Hand,True,Kit A,Bolt,
41.873,0.3000,1.0000,1.0000,0.30,0.8230,0.8499,Safety,0.0000,0.1762,L_Hand,True,Kit A,Bolt,
42.082,0.3000,1.0000,1.0000,0.30,0.8230,0.8499,Safety,0.0000,0.1762,L_Hand,True,Kit A,Bolt,
42.289,0.3000,1.0000,1.0000,0.30,0.8230,0.8499,Safety,0.0000,0.1940,L_Hand,True,Kit A,Bolt,
42.497,0.3000,1.0000,1.0000,0.30,0.8230,0.8499,Safety,0.0000,0.1923,L_Hand,True,Kit A,Bolt,
42.706,0.3000,1.0000,1.0000,0.30,0.8230,0.8499,Safety,0.0000,0.1923,L_Hand,True,Kit A,Bolt,
42.915,0.5000,1.0000,1.0000,0.50,0.8230,0.8499,Safety,0.0000,0.1930,R_Forearm,True,Kit A,Bolt,
43.123,0.5000,1.0000,1.0000,0.50,0.8230,0.8499,Safety,0.0000,0.1978,L_Forearm,True,Kit A,Bolt,
43.331,0.5000,1.0000,1.0000,0.50,0.8230,0.8499,Safety,0.0000,0.2103,L_Forearm,True,Kit A,Bolt,
43.541,0.5000,1.0000,1.0000,0.50,0.8230,0.8499,Safety,0.0000,0.2263,L_Forearm,True,Kit A,Bolt,
43.748,0.5000,1.0000,1.0000,0.50,0.8230,0.8499,Safety,0.0000,0.2568,L_Forearm,True,Kit A,Bolt,
43.955,0.5000,1.0000,1.0000,0.50,0.8230,0.8499,Safety,0.0000,0.2779,L_Forearm,True,Kit A,Bolt,
44.165,0.3000,1.0000,1.0000,0.30,0.8230,0.8499,Safety,0.0000,0.3167,L_Hand,True,Kit A,Bolt,
44.372,0.3000,1.0000,1.0000,0.30,0.8230,0.8499,Safety,0.0000,0.3514,L_Hand,True,Kit A,Bolt,
44.580,0.3000,1.0000,1.0000,0.30,0.8230,0.8499,Safety,0.0000,0.3280,L_Hand,True,Kit A,Bolt,
44.789,0.3000,1.0000,1.0000,0.30,0.8230,0.8499,Safety,0.0000,0.3280,L_Hand,True,Kit A,Bolt,
44.997,0.3000,1.0000,1.0000,0.30,0.8230,0.8499,Safety,0.0000,0.3280,L_Hand,True,Kit A,Bolt,
45.205,0.3000,1.0000,1.0000,0.30,0.8230,0.8499,Safety,0.0000,0.3346,L_Hand,True,Kit A,Bolt,
45.414,0.3000,1.0000,1.0000,0.30,0.8230,0.8499,Safety,0.0000,0.3346,L_Hand,True,Kit A,Bolt,
45.623,0.3000,1.0000,1.0000,0.30,0.8230,0.8499,Safety,0.0000,0.3341,L_Hand,True,Kit A,Bolt,
45.831,0.3000,1.0000,1.0000,0.30,0.8230,0.8499,Safety,0.0000,0.3339,L_Hand,True,Kit A,Bolt,
46.039,0.3000,1.0000,1.0000,0.30,0.8230,0.8499,Safety,0.0000,0.3339,L_Hand,True,Kit A,Bolt,
46.248,0.3000,1.0000,1.0000,0.30,0.8230,0.8499,Safety,0.0000,0.3340,L_Hand,True,Kit A,Bolt,
46.455,0.3000,1.0000,1.0000,0.30,0.8230,0.8499,Safety,0.0000,0.3341,L_Hand,True,Kit A,Bolt,
46.664,0.3000,1.0000,1.0000,0.30,0.8230,0.8499,Safety,0.0000,0.3361,L_Hand,True,Kit A,Bolt,
46.872,0.3000,1.0000,1.0000,0.30,0.8230,0.8499,Safety,0.0000,0.3363,L_Hand,True,Kit A,Bolt,
47.081,0.3000,1.0000,1.0000,0.30,0.8230,0.8499,Safety,0.0000,0.3352,L_Hand,True,Kit A,Bolt,
47.289,0.3000,1.0000,1.0000,0.30,0.8230,0.8499,Safety,0.0000,0.3352,L_Hand,True,Kit A,Bolt,
47.500,0.3000,1.0000,1.0000,0.30,0.8230,0.3440,Safety,0.0000,0.3352,L_Hand,True,Kit A,Bolt,
47.706,0.3000,1.0000,1.0000,0.30,0.8230,0.3440,Safety,0.0000,0.3390,L_Hand,True,Kit A,Bolt,
47.915,0.3000,1.0000,1.0000,0.30,0.8230,0.3440,Safety,0.0000,0.3453,L_Hand,True,Kit A,Bolt,
48.123,0.5000,1.0000,1.0000,0.50,0.8230,0.3440,Safety,0.0000,0.3475,R_Forearm,True,Kit A,Bolt,
48.332,0.5000,1.0000,1.0000,0.50,0.8230,0.3440,Safety,0.0000,0.3423,R_Forearm,True,Kit A,Bolt,
48.540,0.5000,1.0000,1.0000,0.50,0.8230,0.3440,Safety,0.0000,0.3423,R_Forearm,True,Kit A,Bolt,
48.749,0.5000,1.0000,1.0000,0.50,0.8230,0.3440,Safety,0.0000,0.3431,R_Forearm,True,Kit A,Bolt,
48.956,0.5000,1.0000,1.0000,0.50,0.8230,0.3440,Safety,0.0000,0.3582,R_Forearm,True,Kit A,Bolt,
49.165,0.5000,1.0000,1.0000,0.50,0.8230,0.3440,Safety,0.0000,0.3593,R_Forearm,True,Kit A,Bolt,
49.372,0.5000,1.0000,1.0000,0.50,0.8230,0.3440,Safety,0.0000,0.3621,R_Forearm,True,Kit A,Bolt,
49.581,0.5000,1.0000,1.0000,0.50,0.8230,0.3440,RobotLed,1.0000,0.3665,R_Forearm,True,Kit A,Bolt,
49.788,0.5000,1.0000,1.0000,0.50,0.8230,0.3440,RobotLed,1.0000,0.3208,R_Forearm,True,Kit A,Bolt,
49.998,0.5000,1.0000,1.0000,0.50,0.8230,0.3440,RobotLed,1.0000,0.3174,R_Forearm,True,Kit A,Bolt,
50.206,0.5000,1.0000,1.0000,0.50,0.8230,0.3440,RobotLed,1.0000,0.3174,R_Forearm,True,Kit A,Bolt,
50.415,0.5000,1.0000,1.0000,0.50,0.8230,0.3440,RobotLed,1.0000,0.3202,R_Forearm,True,Kit A,Bolt,
50.623,0.3000,1.0000,1.0000,0.30,0.8230,0.3440,RobotLed,1.0000,0.3464,L_Hand,True,Kit A,Bolt,
50.831,0.3000,1.0000,1.0000,0.30,0.8230,0.3440,RobotLed,1.0000,0.3724,L_Hand,True,Kit A,Bolt,
51.039,0.3000,1.0000,1.0000,0.30,0.8230,0.3440,RobotLed,1.0000,0.3698,L_Hand,True,Kit A,Bolt,
51.247,0.3000,1.0000,1.0000,0.30,0.8230,0.3440,RobotLed,1.0000,0.3604,L_Hand,True,Kit A,Bolt,
51.456,0.3000,1.0000,1.0000,0.30,0.8230,0.3440,RobotLed,1.0000,0.3604,L_Hand,True,Kit A,Bolt,
51.664,0.3000,1.0000,1.0000,0.30,0.8230,0.3440,RobotLed,1.0000,0.3604,L_Hand,True,Kit A,Bolt,
51.873,0.3000,1.0000,1.0000,0.30,0.8230,0.3440,RobotLed,1.0000,0.3750,L_Hand,True,Kit A,Bolt,
52.081,0.3000,1.0000,1.0000,0.30,0.8230,0.3440,RobotLed,1.0000,0.3760,L_Hand,True,Kit A,Bolt,
52.289,0.3000,1.0000,1.0000,0.30,0.8230,0.3440,RobotLed,1.0000,0.3759,L_Hand,True,Kit A,Bolt,
52.498,0.3000,1.0000,1.0000,0.30,0.8230,0.3440,RobotLed,1.0000,0.3753,L_Hand,True,Kit A,Bolt,
52.706,0.3000,1.0000,1.0000,0.30,0.8230,0.3440,RobotLed,1.0000,0.3736,L_Hand,True,Kit A,Bolt,
52.915,0.3000,1.0000,1.0000,0.30,0.8230,0.3440,RobotLed,1.0000,0.3713,L_Hand,True,Kit A,Bolt,
53.123,0.3000,1.0000,1.0000,0.30,0.8230,0.3440,RobotLed,1.0000,0.3713,L_Hand,True,Kit A,Bolt,
53.330,0.3000,1.0000,1.0000,0.30,0.8230,0.3440,RobotLed,1.0000,0.3608,R_Hand,True,Kit A,Bolt,
53.539,0.3000,1.0000,1.0000,0.30,0.8230,0.3440,RobotLed,1.0000,0.3521,R_Hand,True,Kit A,Bolt,
53.747,0.3000,1.0000,1.0000,0.30,0.8230,0.3440,RobotLed,1.0000,0.3521,L_Hand,True,Kit A,Bolt,
53.955,0.3000,1.0000,1.0000,0.30,0.8230,0.3440,RobotLed,1.0000,0.3521,L_Hand,True,Kit A,Bolt,
54.164,0.3000,1.0000,1.0000,0.30,0.8230,0.3440,RobotLed,1.0000,0.3603,L_Hand,True,Kit A,Bolt,
54.372,0.5000,1.0000,1.0000,0.50,0.8230,0.3440,RobotLed,1.0000,0.3435,L_Forearm,True,Kit A,Bolt,
54.580,0.5000,1.0000,1.0000,0.50,0.8230,0.3440,RobotLed,1.0000,0.3072,L_Forearm,True,Kit A,Bolt,
54.788,0.5000,1.0000,1.0000,0.50,0.8230,0.3440,RobotLed,1.0000,0.2597,L_Forearm,True,Kit A,Bolt,
54.997,0.3000,1.0000,1.0000,0.30,0.8230,0.3440,RobotLed,1.0000,0.2240,L_Hand,True,Kit A,Bolt,
55.205,0.3000,1.0000,1.0000,0.30,0.8230,0.3440,RobotLed,1.0000,0.2172,L_Hand,True,Kit A,Bolt,
55.413,0.3000,1.0000,1.0000,0.30,0.8230,0.3440,RobotLed,1.0000,0.2074,L_Hand,True,Kit A,Bolt,
55.622,0.3000,1.0000,1.0000,0.30,0.8230,0.3440,RobotLed,1.0000,0.1990,L_Hand,True,Kit A,Bolt,
55.830,0.3000,1.0000,1.0000,0.30,0.8230,0.3440,RobotLed,1.0000,0.1960,L_Hand,True,Kit A,Bolt,
56.038,0.3000,1.0000,1.0000,0.30,0.8230,0.3440,RobotLed,1.0000,0.1945,L_Hand,True,Kit A,Bolt,
56.247,0.3000,1.0000,1.0000,0.30,0.8230,0.3440,RobotLed,1.0000,0.1875,L_Hand,True,Kit A,Bolt,
56.455,0.3000,1.0000,1.0000,0.30,0.8230,0.3440,RobotLed,1.0000,0.1624,L_Hand,True,Kit A,Bolt,
56.663,0.3000,1.0000,1.0000,0.30,0.8230,0.3440,RobotLed,1.0000,0.1624,L_Hand,True,Kit A,Bolt,
56.871,0.3000,1.0000,1.0000,0.30,0.8230,0.3440,RobotLed,1.0000,0.1624,L_Hand,True,Kit A,Bolt,
57.080,0.3000,1.0000,1.0000,0.30,0.8230,0.3440,RobotLed,1.0000,0.1807,L_Hand,True,Kit A,Bolt,
57.288,0.3000,1.0000,1.0000,0.30,0.8230,0.3440,RobotLed,1.0000,0.1807,L_Hand,True,Kit A,Bolt,
57.496,0.3000,1.0000,1.0000,0.30,0.8230,0.3440,RobotLed,1.0000,0.1807,L_Hand,True,Kit A,Bolt,
57.705,0.3000,1.0000,1.0000,0.30,0.8230,0.3440,RobotLed,1.0000,0.1801,L_Hand,True,Kit A,Bolt,
57.914,0.3000,1.0000,1.0000,0.30,0.8230,0.3440,RobotLed,1.0000,0.1797,L_Hand,True,Kit A,Bolt,
58.121,0.3000,1.0000,1.0000,0.30,0.8230,0.3440,RobotLed,1.0000,0.1797,L_Hand,True,Kit A,Bolt,
58.330,0.3000,1.0000,1.0000,0.30,0.8230,0.3440,RobotLed,1.0000,0.1806,L_Hand,True,Kit A,Bolt,
58.539,0.3000,1.0000,1.0000,0.30,0.8230,0.3440,RobotLed,1.0000,0.1811,L_Hand,True,Kit A,Bolt,
58.747,0.3000,1.0000,1.0000,0.30,0.8230,0.3440,RobotLed,1.0000,0.1811,L_Hand,True,Kit A,Bolt,
58.955,0.3000,1.0000,1.0000,0.30,0.8230,0.3440,RobotLed,1.0000,0.1811,L_Hand,True,Kit A,Bolt,
59.164,0.3000,1.0000,1.0000,0.30,0.8230,0.3440,RobotLed,1.0000,0.1811,L_Hand,True,Kit A,Bolt,
59.372,0.3000,1.0000,1.0000,0.30,0.8230,0.3440,RobotLed,1.0000,0.1830,L_Hand,True,Kit A,Bolt,
59.580,0.3000,1.0000,1.0000,0.30,0.8230,0.3440,RobotLed,1.0000,0.1812,L_Hand,True,Kit A,Bolt,
59.788,0.3000,1.0000,1.0000,0.30,0.8230,0.3440,RobotLed,1.0000,0.1809,L_Hand,True,Kit A,Bolt,
59.997,0.3000,1.0000,1.0000,0.30,0.8230,0.3440,RobotLed,1.0000,0.1631,L_Hand,True,Kit A,Bolt,
60.205,0.3000,1.0000,1.0000,0.30,0.8230,0.3440,RobotLed,1.0000,0.1387,L_Hand,True,Kit A,Bolt,
60.413,0.3000,1.0000,1.0000,0.30,0.8230,0.3440,RobotLed,1.0000,0.1387,L_Hand,True,Kit A,Bolt,
60.621,0.3000,1.0000,1.0000,0.30,0.8230,0.3440,RobotLed,1.0000,0.1382,L_Hand,True,Kit A,Bolt,
60.830,0.3000,1.0000,1.0000,0.30,0.8230,0.3440,RobotLed,1.0000,0.1382,L_Hand,True,Kit A,Bolt,
61.038,0.3000,1.0000,1.0000,0.30,0.8230,0.3440,RobotLed,1.0000,0.1392,L_Hand,True,Kit A,Bolt,
61.247,0.3000,1.0000,1.0000,0.30,0.8230,0.3440,RobotLed,1.0000,0.1372,L_Hand,True,Kit A,Bolt,
61.455,0.3000,1.0000,1.0000,0.30,0.8230,0.3440,RobotLed,1.0000,0.1344,L_Hand,True,Kit A,Bolt,
61.664,0.3000,1.0000,1.0000,0.30,0.8230,0.3440,RobotLed,1.0000,0.1344,L_Hand,True,Kit A,Bolt,
61.872,0.3000,1.0000,1.0000,0.30,0.8230,0.3440,RobotLed,1.0000,0.1344,L_Hand,True,Kit A,Bolt,
62.080,0.3000,1.0000,1.0000,0.30,0.8230,0.3440,RobotLed,1.0000,0.1356,L_Hand,True,Kit A,Bolt,
62.289,0.3000,1.0000,1.0000,0.30,0.8230,0.3440,RobotLed,1.0000,0.1398,L_Hand,True,Kit A,Bolt,
62.498,0.3000,1.0000,1.0000,0.30,0.8230,0.3440,RobotLed,1.0000,0.1715,L_Hand,True,Kit A,Bolt,
62.705,0.3000,1.0000,1.0000,0.30,0.8230,0.3440,RobotLed,1.0000,0.1866,L_Hand,True,Kit A,Bolt,
62.914,0.3000,1.0000,1.0000,0.30,0.8230,0.3440,RobotLed,1.0000,0.1794,L_Hand,True,Kit A,Bolt,
63.122,0.3000,1.0000,1.0000,0.30,0.8230,0.3440,RobotLed,1.0000,0.1794,L_Hand,True,Kit A,Bolt,
63.330,0.3000,1.0000,1.0000,0.30,0.8230,0.3440,RobotLed,1.0000,0.1785,L_Hand,True,Kit A,Bolt,
63.538,0.3000,1.0000,1.0000,0.30,0.8230,0.3440,RobotLed,1.0000,0.1646,L_Hand,True,Kit A,Bolt,
63.748,0.3000,1.0000,1.0000,0.30,0.8230,0.3440,RobotLed,1.0000,0.1646,L_Hand,True,Kit A,Bolt,
63.955,0.3000,1.0000,1.0000,0.30,0.8230,0.3440,RobotLed,1.0000,0.1725,L_Hand,True,Kit A,Bolt,
64.163,0.3000,1.0000,1.0000,0.30,0.8230,0.3440,RobotLed,1.0000,0.1725,L_Hand,True,Kit A,Bolt,
64.372,0.3000,1.0000,1.0000,0.30,0.8230,0.2000,RobotLed,1.0000,0.1704,L_Hand,True,Kit A,Bolt,
64.580,0.3000,1.0000,1.0000,0.30,0.8230,0.2000,RobotLed,1.0000,0.1704,L_Hand,True,Kit A,Bolt,
64.789,0.3000,1.0000,1.0000,0.30,0.8230,0.2000,RobotLed,1.0000,0.1492,L_Hand,True,Kit A,Bolt,
64.997,0.3000,1.0000,1.0000,0.30,0.8230,0.2000,RobotLed,1.0000,0.1486,L_Hand,True,Kit A,Bolt,
65.205,0.3000,1.0000,1.0000,0.30,0.8230,0.2000,RobotLed,1.0000,0.1486,L_Hand,True,Kit A,Bolt,
65.415,0.3000,1.0000,1.0000,0.30,0.8230,0.2000,RobotLed,1.0000,0.1574,L_Hand,True,Kit A,Bolt,
65.622,0.3000,1.0000,1.0000,0.30,0.8230,0.2000,RobotLed,1.0000,0.1550,L_Hand,True,Kit A,Bolt,
65.830,0.3000,1.0000,1.0000,0.30,0.8230,0.2000,RobotLed,1.0000,0.1532,L_Hand,True,Kit A,Bolt,
66.038,0.3000,1.0000,1.0000,0.30,0.8230,0.2000,RobotLed,1.0000,0.1532,L_Hand,True,Kit A,Bolt,
66.246,0.3000,1.0000,1.0000,0.30,0.8230,0.2000,RobotLed,1.0000,0.1532,L_Hand,True,Kit A,Bolt,
66.455,0.3000,1.0000,1.0000,0.30,0.8230,0.2000,RobotLed,1.0000,0.1538,L_Hand,True,Kit A,Bolt,
66.663,0.3000,1.0000,1.0000,0.30,0.8230,0.2000,RobotLed,1.0000,0.1897,L_Hand,True,Kit A,Bolt,
66.871,0.3000,1.0000,1.0000,0.30,0.8230,0.2000,RobotLed,1.0000,0.1944,L_Hand,True,Kit A,Bolt,
67.080,0.3000,1.0000,1.0000,0.30,0.8230,0.2000,RobotLed,1.0000,0.1985,L_Hand,True,Kit A,Bolt,
67.288,0.3000,1.0000,1.0000,0.30,0.8230,0.2000,RobotLed,1.0000,0.2012,L_Hand,True,Kit A,Bolt,
67.498,0.3000,1.0000,1.0000,0.30,0.8230,0.2000,RobotLed,1.0000,0.1977,L_Hand,True,Kit A,Bolt,
67.705,0.3000,1.0000,1.0000,0.30,0.8230,0.2000,RobotLed,1.0000,0.1977,L_Hand,True,Kit A,Bolt,
67.913,0.3000,1.0000,1.0000,0.30,0.8230,0.2000,RobotLed,1.0000,0.1897,L_Hand,True,Kit A,Bolt,
68.121,0.3000,1.0000,1.0000,0.30,0.8230,0.2000,RobotLed,1.0000,0.1897,L_Hand,True,Kit A,Bolt,
68.329,0.3000,1.0000,1.0000,0.30,0.8230,0.2000,RobotLed,1.0000,0.2111,L_Hand,True,Kit A,Bolt,
68.538,0.3000,1.0000,1.0000,0.30,0.8230,0.2000,RobotLed,1.0000,0.2141,L_Hand,True,Kit A,Bolt,
68.747,0.3000,1.0000,1.0000,0.30,0.8230,0.2000,RobotLed,1.0000,0.2125,L_Hand,True,Kit A,Bolt,
68.955,0.3000,1.0000,1.0000,0.30,0.8230,0.2000,RobotLed,1.0000,0.2125,L_Hand,True,Kit A,Bolt,
69.164,0.3000,1.0000,1.0000,0.30,0.8230,0.2000,RobotLed,1.0000,0.2125,L_Hand,True,Kit A,Bolt,
69.372,0.3000,1.0000,1.0000,0.30,0.8230,0.2000,RobotLed,1.0000,0.2131,L_Hand,True,Kit A,Bolt,
69.581,0.3000,1.0000,1.0000,0.30,0.8230,0.2000,RobotLed,1.0000,0.2161,L_Hand,True,Kit A,Bolt,
69.788,0.3000,1.0000,1.0000,0.30,0.8230,0.2000,RobotLed,1.0000,0.2192,L_Hand,True,Kit A,Bolt,
69.997,0.3000,1.0000,1.0000,0.30,0.8230,0.2000,RobotLed,1.0000,0.2205,L_Hand,True,Kit A,Bolt,
70.205,0.3000,1.0000,1.0000,0.30,0.8230,0.2000,RobotLed,1.0000,0.2196,L_Hand,True,Kit A,Bolt,
70.413,0.3000,1.0000,1.0000,0.30,0.8230,0.2000,RobotLed,1.0000,0.2056,L_Hand,True,Kit A,Bolt,
70.621,0.3000,1.0000,1.0000,0.30,0.8230,0.2000,RobotLed,1.0000,0.1678,L_Hand,True,Kit A,Bolt,
70.830,0.3000,1.0000,1.0000,0.30,0.8230,0.2000,RobotLed,1.0000,0.1507,L_Hand,True,Kit A,Bolt,
71.038,0.3000,1.0000,1.0000,0.30,0.8230,0.2000,RobotLed,1.0000,0.1506,L_Hand,True,Kit A,Bolt,
71.248,0.3000,1.0000,1.0000,0.30,0.8230,0.2000,RobotLed,1.0000,0.1506,L_Hand,True,Kit A,Bolt,
71.454,0.3000,1.0000,1.0000,0.30,0.8230,0.2000,RobotLed,1.0000,0.1520,R_Hand,True,Kit A,Bolt,
71.663,0.3000,1.0000,1.0000,0.30,0.8230,0.2000,RobotLed,1.0000,0.1527,R_Hand,True,Kit A,Bolt,
71.872,0.3000,1.0000,1.0000,0.30,0.8230,0.2000,RobotLed,1.0000,0.1467,R_Hand,True,Kit A,Bolt,
72.080,0.3000,1.0000,1.0000,0.30,0.8230,0.2000,RobotLed,1.0000,0.1436,R_Hand,True,Kit A,Bolt,
72.287,0.3000,1.0000,1.0000,0.30,0.8230,0.2000,RobotLed,1.0000,0.1436,R_Hand,True,Kit A,Bolt,
72.495,0.3000,1.0000,1.0000,0.30,0.8230,0.2000,RobotLed,1.0000,0.1278,R_Hand,True,Kit A,Bolt,
72.704,0.3000,1.0000,1.0000,0.30,0.8230,0.2000,RobotLed,1.0000,0.0994,R_Hand,True,Kit A,Bolt,
72.913,0.3000,1.0000,1.0000,0.30,0.8230,0.2000,RobotLed,1.0000,0.0994,R_Hand,True,Kit A,Bolt,
73.122,0.3000,1.0000,1.0000,0.30,0.8230,0.2000,RobotLed,1.0000,0.0994,R_Hand,True,Kit A,Bolt,
73.330,0.3000,1.0000,1.0000,0.30,0.8230,0.2000,RobotLed,1.0000,0.1201,R_Hand,True,Kit A,Bolt,
73.536,0.3000,1.0000,1.0000,0.30,0.8230,0.2000,RobotLed,1.0000,0.1201,R_Hand,True,Kit A,Bolt,
73.747,0.3000,1.0000,1.0000,0.30,0.8230,0.2000,RobotLed,1.0000,0.1277,R_Hand,True,Kit A,Bolt,
73.954,0.3000,1.0000,1.0000,0.30,0.8230,0.2000,RobotLed,1.0000,0.1278,R_Hand,True,Kit A,Bolt,
74.162,0.3000,1.0000,1.0000,0.30,0.8230,0.2000,RobotLed,1.0000,0.1350,R_Hand,True,Kit A,Bolt,
74.371,0.3000,1.0000,1.0000,0.30,0.8230,0.2000,RobotLed,1.0000,0.1350,R_Hand,True,Kit A,Bolt,
74.578,0.3000,1.0000,1.0000,0.30,0.8230,0.2000,RobotLed,1.0000,0.1402,R_Hand,True,Kit A,Bolt,
74.788,0.3000,1.0000,1.0000,0.30,0.8230,0.2000,RobotLed,1.0000,0.1566,R_Hand,True,Kit A,Bolt,
74.996,0.3000,1.0000,1.0000,0.30,0.8230,0.2000,RobotLed,1.0000,0.1618,R_Hand,True,Kit A,Bolt,
75.204,0.3000,1.0000,1.0000,0.30,0.8230,0.2000,RobotLed,1.0000,0.1618,R_Hand,True,Kit A,Bolt,
75.413,0.3000,1.0000,1.0000,0.30,0.8230,0.2000,RobotLed,1.0000,0.1658,R_Hand,True,Kit A,Bolt,
75.621,0.3000,1.0000,1.0000,0.30,0.8230,0.2000,RobotLed,1.0000,0.1727,L_Hand,True,Kit A,Bolt,
75.829,0.3000,1.0000,1.0000,0.30,0.8230,0.2000,RobotLed,1.0000,0.1843,R_Hand,True,Kit A,Bolt,
76.037,0.3000,1.0000,1.0000,0.30,0.8230,0.2000,RobotLed,1.0000,0.1421,R_Hand,True,Kit A,Bolt,
76.246,0.3000,1.0000,1.0000,0.30,0.8230,0.2000,RobotLed,1.0000,0.1094,R_Hand,True,Kit A,Bolt,
76.454,0.3000,1.0000,1.0000,0.30,0.8230,0.2000,RobotLed,1.0000,0.0834,R_Hand,True,Kit A,Bolt,
76.662,0.3000,1.0000,1.0000,0.30,0.8230,0.2000,RobotLed,1.0000,0.0561,R_Hand,True,Kit A,Bolt,
76.871,0.3000,1.0000,1.0000,0.30,0.8230,0.2000,RobotLed,1.0000,0.0541,R_Hand,True,Kit A,Bolt,
77.079,0.3000,1.0000,1.0000,0.30,0.8230,0.2000,RobotLed,1.0000,0.0528,R_Hand,True,Kit A,Bolt,
77.288,0.3000,1.0000,1.0000,0.30,0.8230,0.2000,RobotLed,1.0000,0.0528,R_Hand,True,Kit A,Bolt,
77.496,0.3000,1.0000,1.0000,0.30,0.8230,0.2000,RobotLed,1.0000,0.0528,R_Hand,True,Kit A,Bolt,
77.704,0.3000,1.0000,1.0000,0.30,0.8230,0.2000,RobotLed,1.0000,0.0660,R_Hand,True,Kit A,Bolt,
77.913,0.3000,1.0000,1.0000,0.30,0.8230,0.2000,RobotLed,1.0000,0.0660,R_Hand,True,Kit A,Bolt,
78.120,0.3000,1.0000,1.0000,0.30,0.8230,0.2000,RobotLed,1.0000,0.0660,L_Hand,True,Kit A,Bolt,
78.329,0.5000,1.0000,1.0000,0.50,0.8230,0.2000,RobotLed,1.0000,0.1331,R_Forearm,True,Kit A,Bolt,
78.536,0.5000,1.0000,1.0000,0.50,0.8230,0.2000,RobotLed,1.0000,0.1370,R_Forearm,True,Kit A,Bolt,
78.746,0.5000,1.0000,1.0000,0.50,0.8230,0.2000,RobotLed,1.0000,0.1712,R_Forearm,True,Kit A,Bolt,
78.954,0.5000,1.0000,1.0000,0.50,0.8230,0.2000,RobotLed,1.0000,0.2125,R_Forearm,True,Kit A,Bolt,
79.162,0.5000,1.0000,1.0000,0.50,0.8230,0.2000,RobotLed,1.0000,0.2044,R_Forearm,True,Kit A,Bolt,
79.371,0.5000,1.0000,1.0000,0.50,0.8230,0.2000,RobotLed,1.0000,0.1276,R_Forearm,True,Kit A,Bolt,
79.580,0.5000,1.0000,1.0000,0.50,0.8230,0.2000,RobotLed,1.0000,0.1094,R_Forearm,True,Kit A,Bolt,
79.787,0.5000,1.0000,1.0000,0.50,0.8230,0.2000,RobotLed,1.0000,0.1094,R_Forearm,True,Kit A,Bolt,
79.995,0.5000,1.0000,1.0000,0.50,0.8230,0.2000,RobotLed,1.0000,0.0913,R_Forearm,True,Kit A,Bolt,
80.203,0.5000,1.0000,1.0000,0.50,0.8230,0.2000,RobotLed,1.0000,0.0817,R_Forearm,True,Kit A,Bolt,
80.413,0.5000,1.0000,1.0000,0.50,0.8230,0.2000,RobotLed,1.0000,0.0778,R_Forearm,True,Kit A,Bolt,
80.620,0.5000,1.0000,1.0000,0.50,0.8230,0.2000,RobotLed,1.0000,0.0778,R_Forearm,True,Kit A,Bolt,
80.829,0.5000,1.0000,1.0000,0.50,0.8230,0.2000,RobotLed,1.0000,0.0705,R_Forearm,True,Kit A,Bolt,
81.037,0.5000,1.0000,1.0000,0.50,0.8230,0.2000,RobotLed,1.0000,0.0698,R_Forearm,True,Kit A,Bolt,
81.245,0.5000,1.0000,1.0000,0.50,0.8230,0.2000,RobotLed,1.0000,0.0698,R_Forearm,True,Kit A,Bolt,
81.454,0.5000,1.0000,1.0000,0.50,0.8230,0.2000,RobotLed,1.0000,0.0729,R_Forearm,True,Kit A,Bolt,
81.662,0.5000,1.0000,1.0000,0.50,0.8230,0.2000,RobotLed,1.0000,0.0883,R_Forearm,True,Kit A,Bolt,
81.870,0.5000,1.0000,1.0000,0.50,0.8230,0.2000,RobotLed,1.0000,0.0903,R_Forearm,True,Kit A,Bolt,
82.080,0.5000,1.0000,1.0000,0.50,0.8230,0.2000,RobotLed,1.0000,0.0906,R_Forearm,True,Kit A,Bolt,
82.287,0.5000,1.0000,1.0000,0.50,0.8230,0.2000,RobotLed,1.0000,0.0881,R_Forearm,True,Kit A,Bolt,
82.495,0.5000,1.0000,1.0000,0.50,0.8230,0.2000,RobotLed,1.0000,0.0881,R_Forearm,True,Kit A,Bolt,
82.704,0.5000,1.0000,1.0000,0.50,0.8230,0.2000,RobotLed,1.0000,0.0854,R_Forearm,True,Kit A,Bolt,
82.912,0.5000,1.0000,1.0000,0.50,0.8230,0.2000,RobotLed,1.0000,0.0829,R_Forearm,True,Kit A,Bolt,
83.121,0.5000,1.0000,1.0000,0.50,0.8230,0.2000,RobotLed,1.0000,0.0829,R_Forearm,True,Kit A,Bolt,
83.328,0.5000,1.0000,1.0000,0.50,0.8230,0.2000,RobotLed,1.0000,0.0839,R_Forearm,True,Kit A,Bolt,
83.538,0.5000,1.0000,1.0000,0.50,0.8230,0.2000,RobotLed,1.0000,0.0909,R_Forearm,True,Kit A,Bolt,
83.746,0.5000,1.0000,1.0000,0.50,0.8230,0.2000,RobotLed,1.0000,0.0888,R_Forearm,True,Kit A,Bolt,
83.954,0.5000,1.0000,1.0000,0.50,0.8230,0.2000,RobotLed,1.0000,0.0838,R_Forearm,True,Kit A,Bolt,
84.162,0.5000,1.0000,1.0000,0.50,0.8230,0.2000,RobotLed,1.0000,0.0838,R_Forearm,True,Kit A,Bolt,
84.370,0.5000,1.0000,1.0000,0.50,0.8230,0.2000,RobotLed,1.0000,0.0818,R_Forearm,True,Kit A,Bolt,
84.579,0.5000,1.0000,1.0000,0.50,0.8230,0.2000,RobotLed,1.0000,0.0765,R_Forearm,True,Kit A,Bolt,
84.787,0.5000,1.0000,1.0000,0.50,0.8230,0.2000,RobotLed,1.0000,0.0765,R_Forearm,True,Kit A,Bolt,
84.995,0.5000,1.0000,1.0000,0.50,0.8230,0.2000,RobotLed,1.0000,0.0800,R_Forearm,True,Kit A,Bolt,
85.204,0.5000,1.0000,1.0000,0.50,0.8230,0.2000,RobotLed,1.0000,0.0927,R_Forearm,True,Kit A,Bolt,
85.412,0.5000,1.0000,1.0000,0.50,0.8230,0.2000,RobotLed,1.0000,0.1022,R_Forearm,True,Kit A,Bolt,
85.621,0.5000,1.0000,1.0000,0.50,0.8230,0.2000,RobotLed,1.0000,0.1084,R_Forearm,True,Kit A,Bolt,
85.829,0.5000,1.0000,1.0000,0.50,0.8230,0.2000,RobotLed,1.0000,0.1067,R_Forearm,True,Kit A,Bolt,
86.037,0.5000,1.0000,1.0000,0.50,0.8230,0.2000,RobotLed,1.0000,0.1066,R_Forearm,True,Kit A,Bolt,
86.246,0.5000,1.0000,1.0000,0.50,0.8230,0.2000,RobotLed,1.0000,0.1066,R_Forearm,True,Kit A,Bolt,
86.453,0.5000,1.0000,1.0000,0.50,0.8230,0.2000,RobotLed,1.0000,0.1066,R_Forearm,True,Kit A,Bolt,
86.662,0.5000,1.0000,1.0000,0.50,0.8230,0.2000,RobotLed,1.0000,0.1265,R_Forearm,True,Kit A,Bolt,
86.878,0.5000,1.0000,1.0000,0.50,0.8230,0.2000,RobotLed,1.0000,0.1558,R_Forearm,True,Kit A,Bolt,
87.079,0.5000,1.0000,1.0000,0.50,0.8230,0.2000,RobotLed,1.0000,0.1898,R_Forearm,True,Kit A,Bolt,
87.287,0.5000,1.0000,1.0000,0.50,0.8230,0.2000,RobotLed,1.0000,0.2270,R_Forearm,True,Kit A,Bolt,
87.495,0.5000,1.0000,1.0000,0.50,0.8230,0.2000,RobotLed,1.0000,0.2628,R_Forearm,True,Kit A,Bolt,
87.704,0.5000,1.0000,1.0000,0.50,0.8230,0.2000,RobotLed,1.0000,0.3127,R_Forearm,True,Kit A,Bolt,
87.912,0.3000,1.0000,1.0000,0.30,0.8230,0.2000,RobotLed,1.0000,0.3552,R_Hand,True,Kit A,Bolt,
88.120,0.3000,1.0000,1.0000,0.30,0.8230,0.2000,RobotLed,1.0000,0.3843,R_Hand,True,Kit A,Bolt,
88.329,0.3000,1.0000,1.0000,0.30,0.8230,0.2000,RobotLed,1.0000,0.4198,R_Hand,True,Kit A,Bolt,
88.537,0.5000,1.0000,1.0000,0.50,0.8230,0.2000,RobotLed,1.0000,0.3875,R_Forearm,True,Kit A,Bolt,
88.746,0.5000,1.0000,1.0000,0.50,0.8230,0.2000,RobotLed,1.0000,0.3809,R_Forearm,True,Kit A,Bolt,
88.954,0.7000,1.0000,1.0000,0.70,0.8230,0.2000,RobotLed,1.0000,0.3809,R_UpperArm,True,Kit A,Bolt,
89.162,0.5000,1.0000,1.0000,0.50,0.8230,0.2000,RobotLed,1.0000,0.3843,R_Forearm,True,Kit A,Bolt,
89.371,0.5000,1.0000,1.0000,0.50,0.8230,0.2000,RobotLed,1.0000,0.3976,R_Forearm,True,Kit A,Bolt,
89.579,0.5000,1.0000,1.0000,0.50,0.8230,0.2000,RobotLed,1.0000,0.4068,R_Forearm,True,Kit A,Bolt,
89.787,0.5000,1.0000,1.0000,0.50,0.8230,0.2000,RobotLed,1.0000,0.4083,R_Forearm,True,Kit A,Bolt,
89.995,0.5000,1.0000,1.0000,0.50,0.8230,0.2000,RobotLed,1.0000,0.4147,R_Forearm,True,Kit A,Bolt,
90.205,0.5000,1.0000,1.0000,0.50,0.8230,0.2000,RobotLed,1.0000,0.4143,R_Forearm,True,Kit A,Bolt,
90.412,0.5000,1.0000,1.0000,0.50,0.8230,0.2000,RobotLed,1.0000,0.4103,R_Forearm,True,Kit A,Bolt,
90.620,0.5000,1.0000,1.0000,0.50,0.8230,0.2000,RobotLed,1.0000,0.4074,R_Forearm,True,Kit A,Bolt,
90.828,0.5000,1.0000,1.0000,0.50,0.8230,0.2000,RobotLed,1.0000,0.4074,R_Forearm,True,Kit A,Bolt,
91.037,0.5000,1.0000,1.0000,0.50,0.8230,0.2000,RobotLed,1.0000,0.4053,R_Forearm,True,Kit A,Bolt,
91.246,0.5000,1.0000,1.0000,0.50,0.8230,0.2000,RobotLed,1.0000,0.4051,R_Forearm,True,Kit A,Bolt,
91.454,0.5000,1.0000,1.0000,0.50,0.8230,0.2000,RobotLed,1.0000,0.4051,R_Forearm,True,Kit A,Bolt,
91.662,0.5000,1.0000,1.0000,0.50,0.8230,0.2000,RobotLed,1.0000,0.4051,R_Forearm,True,Kit A,Bolt,
91.871,0.5000,1.0000,1.0000,0.50,0.8230,0.2000,RobotLed,1.0000,0.4027,R_Forearm,True,Kit A,Bolt,
92.079,0.5000,1.0000,1.0000,0.50,0.8230,0.2000,RobotLed,1.0000,0.3975,R_Forearm,True,Kit A,Bolt,
92.287,0.5000,1.0000,1.0000,0.50,0.8230,0.2000,RobotLed,1.0000,0.3963,R_Forearm,True,Kit A,Bolt,
92.496,0.5000,1.0000,1.0000,0.50,0.8230,0.2000,RobotLed,1.0000,0.3956,R_Forearm,True,Kit A,Bolt,
92.704,0.5000,1.0000,1.0000,0.50,0.8230,0.2000,RobotLed,1.0000,0.3956,R_Forearm,True,Kit A,Bolt,
92.912,0.5000,1.0000,1.0000,0.50,0.8230,0.2000,RobotLed,1.0000,0.3799,R_Forearm,True,Kit A,Bolt,
93.120,0.5000,1.0000,1.0000,0.50,0.8230,0.2000,RobotLed,1.0000,0.3799,R_Forearm,True,Kit A,Nut,
93.329,0.5000,1.0000,1.0000,0.50,0.8230,0.2000,RobotLed,1.0000,0.3827,R_Forearm,True,Kit A,Nut,
93.537,0.5000,1.0000,1.0000,0.50,0.8230,0.2000,RobotLed,1.0000,0.3810,R_Forearm,True,Kit A,Nut,
93.746,0.5000,1.0000,1.0000,0.50,0.8230,0.2000,RobotLed,1.0000,0.3776,R_Forearm,True,Kit A,Nut,
93.954,0.7000,1.0000,1.0000,0.70,0.8230,0.2000,RobotLed,1.0000,0.3466,R_UpperArm,True,Kit A,Nut,
94.162,0.7000,1.0000,1.0000,0.70,0.8230,0.2000,RobotLed,1.0000,0.3068,R_UpperArm,True,Kit A,Nut,
94.370,0.7000,1.0000,1.0000,0.70,0.8230,0.2000,RobotLed,1.0000,0.2962,R_UpperArm,True,Kit A,Nut,
94.579,0.7000,1.0000,1.0000,0.70,0.8230,0.2000,RobotLed,1.0000,0.2962,R_UpperArm,True,Kit A,Nut,
94.786,0.5000,1.0000,1.0000,0.50,0.8230,0.2000,RobotLed,1.0000,0.2996,R_Forearm,True,Kit A,Nut,
94.995,0.5000,1.0000,1.0000,0.50,0.8230,0.2000,RobotLed,1.0000,0.3144,R_Forearm,True,Kit A,Nut,
95.203,0.5000,1.0000,1.0000,0.50,0.8230,0.2000,RobotLed,1.0000,0.3543,R_Forearm,True,Kit A,Nut,
95.413,0.5000,1.0000,1.0000,0.50,0.8230,0.2000,RobotLed,1.0000,0.3620,R_Forearm,True,Kit A,Nut,
95.620,0.5000,1.0000,1.0000,0.50,0.8230,0.2000,RobotLed,1.0000,0.3611,R_Forearm,True,Kit A,Nut,
95.828,0.5000,1.0000,1.0000,0.50,0.8230,0.2000,RobotLed,1.0000,0.3443,R_Forearm,True,Kit A,Nut,
96.036,0.5000,1.0000,1.0000,0.50,0.8230,0.2000,RobotLed,1.0000,0.3361,R_Forearm,True,Kit A,Nut,
96.245,0.5000,1.0000,1.0000,0.50,0.8230,0.2000,RobotLed,1.0000,0.3361,R_Forearm,True,Kit A,Nut,
96.454,0.5000,1.0000,1.0000,0.50,0.8230,0.2000,RobotLed,1.0000,0.3400,R_Forearm,True,Kit A,Nut,
96.662,0.5000,1.0000,1.0000,0.50,0.8230,0.2000,RobotLed,1.0000,0.3387,R_Forearm,True,Kit A,Nut,
96.870,0.5000,1.0000,1.0000,0.50,0.8230,0.2000,RobotLed,1.0000,0.3340,R_Forearm,True,Kit A,Nut,
97.079,0.5000,1.0000,1.0000,0.50,0.8230,0.2000,RobotLed,1.0000,0.3325,R_Forearm,True,Kit A,Nut,
97.286,0.5000,1.0000,1.0000,0.50,0.8230,0.2000,RobotLed,1.0000,0.2958,R_Forearm,True,Kit A,Nut,
97.495,0.5000,1.0000,1.0000,0.50,0.8230,0.2000,RobotLed,1.0000,0.2608,R_Forearm,True,Kit A,Nut,
97.704,0.5000,1.0000,1.0000,0.50,0.8230,0.8500,RobotLed,1.0000,0.2299,R_Forearm,True,Kit A,Nut,
97.912,0.5000,1.0000,1.0000,0.50,0.8230,0.8500,RobotLed,1.0000,0.2224,R_Forearm,True,Kit A,Nut,
98.120,0.5000,1.0000,1.0000,0.50,0.8230,0.8500,RobotLed,1.0000,0.2224,R_Forearm,True,Kit A,Nut,
98.327,0.5000,1.0000,1.0000,0.50,0.8230,0.8500,RobotLed,1.0000,0.2231,R_Forearm,True,Kit A,Nut,
98.536,0.3000,1.0000,1.0000,0.30,0.8230,0.8500,RobotLed,1.0000,0.2288,L_Hand,True,Kit A,Nut,
98.745,0.3000,1.0000,1.0000,0.30,0.8230,0.8500,RobotLed,1.0000,0.2413,L_Hand,True,Kit A,Nut,
98.953,0.3000,1.0000,1.0000,0.30,0.8230,0.8500,RobotLed,1.0000,0.2308,L_Hand,True,Kit A,Nut,
99.161,0.3000,1.0000,1.0000,0.30,0.8230,0.8500,RobotLed,1.0000,0.2140,L_Hand,True,Kit A,Nut,
99.369,0.3000,1.0000,1.0000,0.30,0.8230,0.8500,RobotLed,1.0000,0.1871,L_Hand,True,Kit A,Nut,
99.578,0.3000,1.0000,1.0000,0.30,0.8230,0.8500,RobotLed,1.0000,0.1855,L_Hand,True,Kit A,Nut,
99.786,0.3000,1.0000,1.0000,0.30,0.8230,0.8500,RobotLed,1.0000,0.1855,L_Hand,True,Kit A,Nut,
99.995,0.3000,1.0000,1.0000,0.30,0.8230,0.8500,RobotLed,1.0000,0.1830,L_Hand,True,Kit A,Nut,
100.203,0.3000,1.0000,1.0000,0.30,0.8230,0.8500,RobotLed,1.0000,0.1818,L_Hand,True,Kit A,Nut,
100.411,0.3000,1.0000,1.0000,0.30,0.8230,0.8500,RobotLed,1.0000,0.1818,L_Hand,True,Kit A,Nut,
100.620,0.3000,1.0000,1.0000,0.30,0.8230,0.8500,RobotLed,1.0000,0.1900,L_Hand,True,Kit A,Nut,
100.828,0.3000,1.0000,1.0000,0.30,0.8230,0.8500,RobotLed,1.0000,0.1900,L_Hand,True,Kit A,Nut,
101.035,0.3000,1.0000,1.0000,0.30,0.8230,0.8500,RobotLed,1.0000,0.1900,L_Hand,True,Kit A,Nut,
101.244,0.3000,1.0000,1.0000,0.30,0.8230,0.8500,RobotLed,1.0000,0.1934,L_Hand,True,Kit A,Nut,
101.452,0.3000,1.0000,1.0000,0.30,0.8230,0.8500,RobotLed,1.0000,0.1938,L_Hand,True,Kit A,Nut,
101.660,0.3000,1.0000,1.0000,0.30,0.8230,0.8500,RobotLed,1.0000,0.1947,L_Hand,True,Kit A,Nut,
101.869,0.3000,1.0000,1.0000,0.30,0.8230,0.8500,RobotLed,1.0000,0.1963,L_Hand,True,Kit A,Nut,
102.077,0.3000,1.0000,1.0000,0.30,0.8230,0.8500,RobotLed,1.0000,0.1971,L_Hand,True,Kit A,Nut,
102.285,0.3000,1.0000,1.0000,0.30,0.8230,0.8500,RobotLed,1.0000,0.1768,R_Hand,True,Kit A,Nut,
102.494,0.3000,1.0000,1.0000,0.30,0.8230,0.8500,RobotLed,1.0000,0.1690,R_Hand,True,Kit A,Nut,
102.703,0.3000,1.0000,1.0000,0.30,0.8230,0.8500,RobotLed,1.0000,0.1690,R_Hand,True,Kit A,Nut,
102.911,0.3000,1.0000,1.0000,0.30,0.8230,0.8500,RobotLed,1.0000,0.1704,R_Hand,True,Kit A,Nut,
103.119,0.3000,1.0000,1.0000,0.30,0.8230,0.8500,RobotLed,1.0000,0.1866,R_Hand,True,Kit A,Nut,
103.328,0.3000,1.0000,1.0000,0.30,0.8230,0.8500,RobotLed,1.0000,0.1641,L_Hand,True,Kit A,Nut,
103.536,0.3000,1.0000,1.0000,0.30,0.8230,0.8500,RobotLed,1.0000,0.1641,L_Hand,True,Kit A,Nut,
103.744,0.3000,1.0000,1.0000,0.30,0.8230,0.8500,RobotLed,1.0000,0.1619,L_Hand,True,Kit A,Nut,
103.953,0.3000,1.0000,1.0000,0.30,0.8230,0.8500,RobotLed,1.0000,0.1508,L_Hand,True,Kit A,Nut,
104.161,0.3000,1.0000,1.0000,0.30,0.8230,0.8500,RobotLed,1.0000,0.1452,L_Hand,True,Kit A,Nut,
104.369,0.3000,1.0000,1.0000,0.30,0.8230,0.8500,RobotLed,1.0000,0.1334,L_Hand,True,Kit A,Nut,
104.578,0.3000,1.0000,1.0000,0.30,0.8230,0.8500,RobotLed,1.0000,0.1333,L_Hand,True,Kit A,Nut,
104.786,0.3000,1.0000,1.0000,0.30,0.8230,0.8500,RobotLed,1.0000,0.1333,L_Hand,True,Kit A,Nut,
104.994,0.3000,1.0000,1.0000,0.30,0.8230,0.8500,RobotLed,1.0000,0.1419,L_Hand,True,Kit A,Nut,
105.203,0.3000,1.0000,1.0000,0.30,0.8230,0.8500,RobotLed,1.0000,0.1601,L_Hand,True,Kit A,Nut,
105.411,0.3000,1.0000,1.0000,0.30,0.8230,0.8500,RobotLed,1.0000,0.1726,L_Hand,True,Kit A,Nut,
105.619,0.3000,1.0000,1.0000,0.30,0.8230,0.8500,RobotLed,1.0000,0.1718,L_Hand,True,Kit A,Nut,
105.828,0.3000,1.0000,1.0000,0.30,0.8230,0.8500,RobotLed,1.0000,0.1681,L_Hand,True,Kit A,Nut,
106.036,0.3000,1.0000,1.0000,0.30,0.8230,0.8500,RobotLed,1.0000,0.1622,R_Hand,True,Kit A,Nut,
106.244,0.3000,1.0000,1.0000,0.30,0.8230,0.8500,RobotLed,1.0000,0.1323,R_Hand,True,Kit A,Nut,
106.452,0.3000,1.0000,1.0000,0.30,0.8230,0.8500,RobotLed,1.0000,0.1323,L_Hand,True,Kit A,Nut,
106.661,0.5000,1.0000,1.0000,0.50,0.8230,0.8500,RobotLed,1.0000,0.1323,L_Forearm,True,Kit A,Nut,
106.869,0.5000,1.0000,1.0000,0.50,0.8230,0.8500,RobotLed,1.0000,0.2064,L_Forearm,True,Kit A,Nut,
107.077,0.5000,1.0000,1.0000,0.50,0.8230,0.8500,RobotLed,1.0000,0.2193,L_Forearm,True,Kit A,Nut,
107.286,0.3000,1.0000,1.0000,0.30,0.8230,0.8500,RobotLed,1.0000,0.1940,R_Hand,True,Kit A,Nut,
107.494,0.3000,1.0000,1.0000,0.30,0.8230,0.8500,RobotLed,1.0000,0.1823,R_Hand,True,Kit A,Nut,
107.703,0.3000,1.0000,1.0000,0.30,0.8230,0.8500,RobotLed,1.0000,0.1823,R_Hand,True,Kit A,Nut,
107.911,0.3000,1.0000,1.0000,0.30,0.8230,0.8500,RobotLed,1.0000,0.1231,L_Hand,True,Kit A,Nut,
108.119,0.3000,1.0000,1.0000,0.30,0.8230,0.8500,RobotLed,1.0000,0.1096,L_Hand,True,Kit A,Nut,
108.328,0.3000,1.0000,1.0000,0.30,0.8230,0.8500,RobotLed,1.0000,0.1096,L_Hand,True,Kit A,Nut,
108.536,0.3000,1.0000,1.0000,0.30,0.8230,0.8500,RobotLed,1.0000,0.1114,L_Hand,True,Kit A,Nut,
108.744,0.3000,1.0000,1.0000,0.30,0.8230,0.8500,RobotLed,1.0000,0.1349,L_Hand,True,Kit A,Nut,
108.952,0.3000,1.0000,1.0000,0.30,0.8230,0.8500,RobotLed,1.0000,0.1451,L_Hand,True,Kit A,Nut,
109.160,0.3000,1.0000,1.0000,0.30,0.8230,0.8500,RobotLed,1.0000,0.1610,L_Hand,True,Kit A,Nut,
109.369,0.3000,1.0000,1.0000,0.30,0.8230,0.8500,RobotLed,1.0000,0.1474,L_Hand,True,Kit A,Nut,
109.577,0.3000,1.0000,1.0000,0.30,0.8230,0.8500,RobotLed,1.0000,0.1289,L_Hand,True,Kit A,Nut,
109.785,0.3000,1.0000,1.0000,0.30,0.8230,0.8500,RobotLed,1.0000,0.1289,L_Hand,True,Kit A,Nut,
109.993,0.3000,1.0000,1.0000,0.30,0.8230,0.8500,RobotLed,1.0000,0.1313,L_Hand,True,Kit A,Nut,
110.201,0.3000,1.0000,1.0000,0.30,0.8230,0.8500,RobotLed,1.0000,0.1344,R_Hand,True,Kit A,Nut,
110.410,0.3000,1.0000,1.0000,0.30,0.8230,0.8500,RobotLed,1.0000,0.1399,R_Hand,True,Kit A,Nut,
110.619,0.3000,1.0000,1.0000,0.30,0.8230,0.8500,RobotLed,1.0000,0.1681,L_Hand,True,Kit A,Nut,
110.828,0.3000,1.0000,1.0000,0.30,0.8230,0.8500,RobotLed,1.0000,0.1422,L_Hand,True,Kit A,Nut,
111.036,0.3000,1.0000,1.0000,0.30,0.8230,0.8500,RobotLed,1.0000,0.1422,L_Hand,True,Kit A,Nut,
111.244,0.3000,1.0000,1.0000,0.30,0.8230,0.8500,RobotLed,1.0000,0.1389,L_Hand,True,Kit A,Nut,
111.452,0.3000,1.0000,1.0000,0.30,0.8230,0.8500,RobotLed,1.0000,0.1366,L_Hand,True,Kit A,Nut,
111.661,0.3000,1.0000,1.0000,0.30,0.8230,0.8500,RobotLed,1.0000,0.1360,L_Hand,True,Kit A,Nut,
111.869,0.3000,1.0000,1.0000,0.30,0.8230,0.8500,RobotLed,1.0000,0.1360,L_Hand,True,Kit A,Nut,
112.077,0.3000,1.0000,1.0000,0.30,0.8230,0.8500,RobotLed,1.0000,0.1360,L_Hand,True,Kit A,Nut,
112.285,0.3000,1.0000,1.0000,0.30,0.8230,0.8500,RobotLed,1.0000,0.1362,L_Hand,True,Kit A,Nut,
112.494,0.3000,1.0000,1.0000,0.30,0.8230,0.8500,RobotLed,1.0000,0.1351,L_Hand,True,Kit A,Nut,
112.702,0.3000,1.0000,1.0000,0.30,0.8230,0.8500,RobotLed,1.0000,0.1341,L_Hand,True,Kit A,Nut,
112.910,0.3000,1.0000,1.0000,0.30,0.8230,0.8500,RobotLed,1.0000,0.1341,L_Hand,True,Kit A,Nut,
113.119,0.3000,1.0000,1.0000,0.30,0.8230,0.8500,RobotLed,1.0000,0.1335,L_Hand,True,Kit A,Nut,
113.327,0.3000,1.0000,1.0000,0.30,0.8230,0.8500,RobotLed,1.0000,0.1328,L_Hand,True,Kit A,Nut,
113.536,0.3000,1.0000,1.0000,0.30,0.8230,0.8500,RobotLed,1.0000,0.1328,L_Hand,True,Kit A,Nut,
113.744,0.3000,1.0000,1.0000,0.30,0.8230,0.8500,RobotLed,1.0000,0.1334,L_Hand,True,Kit A,Nut,
113.952,0.3000,1.0000,1.0000,0.30,0.8230,0.8500,RobotLed,1.0000,0.1334,L_Hand,True,Kit A,Nut,
114.161,0.3000,1.0000,1.0000,0.30,0.8230,0.8500,RobotLed,1.0000,0.1346,L_Hand,True,Kit A,Nut,
114.369,0.3000,1.0000,1.0000,0.30,0.8230,0.8500,RobotLed,1.0000,0.1346,L_Hand,True,Kit A,Nut,
114.577,0.3000,1.0000,1.0000,0.30,0.8230,0.2000,RobotLed,1.0000,0.1362,L_Hand,True,Kit A,Nut,
114.785,0.3000,1.0000,1.0000,0.30,0.8230,0.2000,RobotLed,1.0000,0.1349,L_Hand,True,Kit A,Nut,
114.994,0.3000,1.0000,1.0000,0.30,0.8230,0.2000,RobotLed,1.0000,0.1334,L_Hand,True,Kit A,Nut,
115.202,0.3000,1.0000,1.0000,0.30,0.8230,0.2000,RobotLed,1.0000,0.1334,L_Hand,True,Kit A,Nut,
115.410,0.3000,1.0000,1.0000,0.30,0.8230,0.2000,RobotLed,1.0000,0.1339,L_Hand,True,Kit A,Nut,
115.619,0.3000,1.0000,1.0000,0.30,0.8230,0.2000,RobotLed,1.0000,0.1359,L_Hand,True,Kit A,Nut,
115.827,0.3000,1.0000,1.0000,0.30,0.8230,0.2000,RobotLed,1.0000,0.1368,L_Hand,True,Kit A,Nut,
116.035,0.3000,1.0000,1.0000,0.30,0.8230,0.2000,RobotLed,1.0000,0.1364,L_Hand,True,Kit A,Nut,
116.244,0.3000,1.0000,1.0000,0.30,0.8230,0.2000,RobotLed,1.0000,0.1348,L_Hand,True,Kit A,Nut,
116.452,0.3000,1.0000,1.0000,0.30,0.8230,0.2000,RobotLed,1.0000,0.1348,L_Hand,True,Kit A,Nut,
116.660,0.3000,1.0000,1.0000,0.30,0.8230,0.2000,RobotLed,1.0000,0.1348,L_Hand,True,Kit A,Nut,
116.868,0.3000,1.0000,1.0000,0.30,0.8230,0.2000,RobotLed,1.0000,0.1372,L_Hand,True,Kit A,Nut,
117.077,0.3000,1.0000,1.0000,0.30,0.8230,0.2000,RobotLed,1.0000,0.1374,L_Hand,True,Kit A,Nut,
117.285,0.3000,1.0000,1.0000,0.30,0.8230,0.2000,RobotLed,1.0000,0.1374,L_Hand,True,Kit A,Nut,
117.494,0.3000,1.0000,1.0000,0.30,0.8230,0.2000,RobotLed,1.0000,0.1359,L_Hand,True,Kit A,Nut,
117.702,0.3000,1.0000,1.0000,0.30,0.8230,0.2000,RobotLed,1.0000,0.1359,R_Hand,True,Kit A,Nut,
117.910,0.3000,1.0000,1.0000,0.30,0.8230,0.2000,RobotLed,1.0000,0.1362,R_Hand,True,Kit A,Nut,
118.119,0.3000,1.0000,1.0000,0.30,0.8230,0.2000,RobotLed,1.0000,0.1386,R_Hand,True,Kit A,Nut,
118.327,0.3000,1.0000,1.0000,0.30,0.8230,0.2000,RobotLed,1.0000,0.1440,R_Hand,True,Kit A,Nut,
118.535,0.3000,1.0000,1.0000,0.30,0.8230,0.2000,RobotLed,1.0000,0.1567,R_Hand,True,Kit A,Nut,
118.744,0.3000,1.0000,1.0000,0.30,0.8230,0.2000,RobotLed,1.0000,0.1567,L_Hand,True,Kit A,Nut,
118.951,0.3000,1.0000,1.0000,0.30,0.8230,0.2000,RobotLed,1.0000,0.1680,L_Hand,True,Kit A,Nut,
119.160,0.3000,1.0000,1.0000,0.30,0.8230,0.2000,RobotLed,1.0000,0.1572,L_Hand,True,Kit A,Nut,
119.369,0.3000,1.0000,1.0000,0.30,0.8230,0.2000,RobotLed,1.0000,0.1198,L_Hand,True,Kit A,Nut,
119.577,0.3000,1.0000,1.0000,0.30,0.8230,0.2000,RobotLed,1.0000,0.1198,L_Hand,True,Kit A,Nut,
119.785,0.3000,1.0000,1.0000,0.30,0.8230,0.2000,RobotLed,1.0000,0.1198,L_Hand,True,Kit A,Nut,
119.993,0.3000,1.0000,1.0000,0.30,0.8230,0.2000,RobotLed,1.0000,0.1348,L_Hand,True,Kit A,Nut,
120.202,0.3000,1.0000,1.0000,0.30,0.8230,0.2000,RobotLed,1.0000,0.1347,L_Hand,True,Kit A,Nut,
120.410,0.3000,1.0000,1.0000,0.30,0.8230,0.2000,RobotLed,1.0000,0.1320,L_Hand,True,Kit A,Nut,
120.619,0.3000,1.0000,1.0000,0.30,0.8230,0.2000,RobotLed,1.0000,0.1301,L_Hand,True,Kit A,Nut,
120.827,0.3000,1.0000,1.0000,0.30,0.8230,0.2000,RobotLed,1.0000,0.1295,L_Hand,True,Kit A,Nut,
121.035,0.3000,1.0000,1.0000,0.30,0.8230,0.2000,RobotLed,1.0000,0.1285,L_Hand,True,Kit A,Nut,
121.243,0.3000,1.0000,1.0000,0.30,0.8230,0.2000,RobotLed,1.0000,0.1264,L_Hand,True,Kit A,Nut,
121.452,0.3000,1.0000,1.0000,0.30,0.8230,0.2000,RobotLed,1.0000,0.1236,L_Hand,True,Kit A,Nut,
121.660,0.3000,1.0000,1.0000,0.30,0.8230,0.2000,RobotLed,1.0000,0.1234,L_Hand,True,Kit A,Nut,
121.869,0.3000,1.0000,1.0000,0.30,0.8230,0.2000,RobotLed,1.0000,0.1234,L_Hand,True,Kit A,Nut,
122.077,0.3000,1.0000,1.0000,0.30,0.8230,0.2000,RobotLed,1.0000,0.1237,L_Hand,True,Kit A,Nut,
122.285,0.3000,1.0000,1.0000,0.30,0.8230,0.2000,RobotLed,1.0000,0.1237,L_Hand,True,Kit A,Nut,
122.493,0.3000,1.0000,1.0000,0.30,0.8230,0.2000,RobotLed,1.0000,0.1237,L_Hand,True,Kit A,Nut,
122.702,0.3000,1.0000,1.0000,0.30,0.8230,0.2000,RobotLed,1.0000,0.1259,L_Hand,True,Kit A,Nut,
122.910,0.3000,1.0000,1.0000,0.30,0.8230,0.2000,RobotLed,1.0000,0.1259,L_Hand,True,Kit A,Nut,
123.119,0.3000,1.0000,1.0000,0.30,0.8230,0.2000,RobotLed,1.0000,0.1281,L_Hand,True,Kit A,Nut,
123.327,0.3000,1.0000,1.0000,0.30,0.8230,0.2000,RobotLed,1.0000,0.1312,L_Hand,True,Kit A,Nut,
123.535,0.3000,1.0000,1.0000,0.30,0.8230,0.2000,RobotLed,1.0000,0.1312,L_Hand,True,Kit A,Nut,
123.743,0.3000,1.0000,1.0000,0.30,0.8230,0.2000,RobotLed,1.0000,0.1312,L_Hand,True,Kit A,Nut,
123.952,0.3000,1.0000,1.0000,0.30,0.8230,0.2000,RobotLed,1.0000,0.1331,L_Hand,True,Kit A,Nut,
124.160,0.3000,1.0000,1.0000,0.30,0.8230,0.2000,RobotLed,1.0000,0.1359,R_Hand,True,Kit A,Nut,
124.368,0.3000,1.0000,1.0000,0.30,0.8230,0.2000,RobotLed,1.0000,0.1657,R_Hand,True,Kit A,Nut,
124.577,0.3000,1.0000,1.0000,0.30,0.8230,0.2000,RobotLed,1.0000,0.2738,R_Hand,True,Kit A,Nut,
124.785,0.3000,1.0000,1.0000,0.30,0.8230,0.2000,RobotLed,1.0000,0.1619,L_Hand,True,Kit A,Nut,
124.993,0.3000,1.0000,1.0000,0.30,0.8230,0.2000,RobotLed,1.0000,0.1081,L_Hand,True,Kit A,Nut,
125.201,0.3000,1.0000,1.0000,0.30,0.8230,0.2000,RobotLed,1.0000,0.1081,L_Hand,True,Kit A,Nut,
125.410,0.3000,1.0000,1.0000,0.30,0.8230,0.2000,RobotLed,1.0000,0.1088,L_Hand,True,Kit A,Nut,
125.618,0.3000,1.0000,1.0000,0.30,0.8230,0.2000,RobotLed,1.0000,0.1832,L_Hand,True,Kit A,Nut,
125.827,0.3000,1.0000,1.0000,0.30,0.8230,0.2000,RobotLed,1.0000,0.1881,L_Hand,True,Kit A,Nut,
126.035,0.3000,1.0000,1.0000,0.30,0.8230,0.2000,RobotLed,1.0000,0.1881,L_Hand,True,Kit A,Nut,
126.243,0.3000,1.0000,1.0000,0.30,0.8230,0.2000,RobotLed,1.0000,0.1881,L_Hand,True,Kit A,Nut,
126.452,0.3000,1.0000,1.0000,0.30,0.8230,0.2000,RobotLed,1.0000,0.1922,L_Hand,True,Kit A,Nut,
126.660,0.3000,1.0000,1.0000,0.30,0.8230,0.2000,RobotLed,1.0000,0.1942,L_Hand,True,Kit A,Nut,
126.868,0.3000,1.0000,1.0000,0.30,0.8230,0.2000,RobotLed,1.0000,0.1962,L_Hand,True,Kit A,Nut,
127.076,0.3000,1.0000,1.0000,0.30,0.8230,0.2000,RobotLed,1.0000,0.1975,L_Hand,True,Kit A,Nut,
127.285,0.3000,1.0000,1.0000,0.30,0.8230,0.2000,RobotLed,1.0000,0.2068,L_Hand,True,Kit A,Nut,
127.493,0.3000,1.0000,1.0000,0.30,0.8230,0.2000,RobotLed,1.0000,0.1999,L_Hand,True,Kit A,Nut,
127.701,0.3000,1.0000,1.0000,0.30,0.8230,0.2000,RobotLed,1.0000,0.1798,L_Hand,True,Kit A,Nut,
127.910,0.3000,1.0000,1.0000,0.30,0.8230,0.2000,RobotLed,1.0000,0.1798,L_Hand,True,Kit A,Nut,
128.118,0.3000,1.0000,1.0000,0.30,0.8230,0.2000,RobotLed,1.0000,0.1890,L_Hand,True,Kit A,Nut,
128.326,0.3000,1.0000,1.0000,0.30,0.8230,0.2000,RobotLed,1.0000,0.1978,L_Hand,True,Kit A,Nut,
128.535,0.3000,1.0000,1.0000,0.30,0.8230,0.2000,RobotLed,1.0000,0.2006,L_Hand,True,Kit A,Nut,
128.742,0.3000,1.0000,1.0000,0.30,0.8230,0.2000,RobotLed,1.0000,0.1995,L_Hand,True,Kit A,Nut,
128.951,0.3000,1.0000,1.0000,0.30,0.8230,0.2000,RobotLed,1.0000,0.1990,L_Hand,True,Kit A,Nut,
129.160,0.3000,1.0000,1.0000,0.30,0.8230,0.2000,RobotLed,1.0000,0.1990,L_Hand,True,Kit A,Nut,
129.368,0.3000,1.0000,1.0000,0.30,0.8230,0.2000,RobotLed,1.0000,0.2002,L_Hand,True,Kit A,Nut,
129.576,0.3000,1.0000,1.0000,0.30,0.8230,0.2000,RobotLed,1.0000,0.1993,L_Hand,True,Kit A,Nut,
129.785,0.3000,1.0000,1.0000,0.30,0.8230,0.2000,RobotLed,1.0000,0.1954,L_Hand,True,Kit A,Nut,
129.993,0.3000,1.0000,1.0000,0.30,0.8230,0.2000,RobotLed,1.0000,0.1954,L_Hand,True,Kit A,Nut,
130.201,0.3000,1.0000,1.0000,0.30,0.8230,0.2000,RobotLed,1.0000,0.2003,L_Hand,True,Kit A,Nut,
130.409,0.3000,1.0000,1.0000,0.30,0.8230,0.2000,RobotLed,1.0000,0.2054,L_Hand,True,Kit A,Nut,
130.618,0.3000,1.0000,1.0000,0.30,0.8230,0.2000,RobotLed,1.0000,0.2054,L_Hand,True,Kit A,Nut,
130.826,0.3000,1.0000,1.0000,0.30,0.8230,0.2000,RobotLed,1.0000,0.2067,L_Hand,True,Kit A,Nut,
131.034,0.3000,1.0000,1.0000,0.30,0.8230,0.2000,RobotLed,1.0000,0.2067,L_Hand,True,Kit A,Nut,
131.243,0.3000,1.0000,1.0000,0.30,0.8230,0.2000,RobotLed,1.0000,0.2067,L_Hand,True,Kit A,Nut,
131.451,0.3000,1.0000,1.0000,0.30,0.8230,0.2000,RobotLed,1.0000,0.2074,L_Hand,True,Kit A,Nut,
131.659,0.3000,1.0000,1.0000,0.30,0.8230,0.2000,RobotLed,1.0000,0.2078,L_Hand,True,Kit A,Nut,
131.867,0.3000,1.0000,1.0000,0.30,0.8230,0.2000,RobotLed,1.0000,0.2030,L_Hand,True,Kit A,Nut,
132.076,0.3000,1.0000,1.0000,0.30,0.8230,0.2000,RobotLed,1.0000,0.1994,L_Hand,True,Kit A,Nut,
132.285,0.3000,1.0000,1.0000,0.30,0.8230,0.2000,RobotLed,1.0000,0.1991,L_Hand,True,Kit A,Nut,
132.493,0.3000,1.0000,1.0000,0.30,0.8230,0.2000,RobotLed,1.0000,0.1991,L_Hand,True,Kit A,Nut,
132.701,0.3000,1.0000,1.0000,0.30,0.8230,0.2000,RobotLed,1.0000,0.2000,L_Hand,True,Kit A,Nut,
132.909,0.3000,1.0000,1.0000,0.30,0.8230,0.2000,RobotLed,1.0000,0.2060,L_Hand,True,Kit A,Nut,
133.118,0.3000,1.0000,1.0000,0.30,0.8230,0.2000,RobotLed,1.0000,0.2006,L_Hand,True,Kit A,Nut,
133.326,0.3000,1.0000,1.0000,0.30,0.8230,0.2000,RobotLed,1.0000,0.2006,L_Hand,True,Kit A,Nut,
133.534,0.3000,1.0000,1.0000,0.30,0.8230,0.2000,RobotLed,1.0000,0.2006,L_Hand,True,Kit A,Nut,
133.743,0.3000,1.0000,1.0000,0.30,0.8230,0.2000,RobotLed,1.0000,0.2022,L_Hand,True,Kit A,Nut,
133.951,0.3000,1.0000,1.0000,0.30,0.8230,0.2000,RobotLed,1.0000,0.2021,L_Hand,True,Kit A,Nut,
134.159,0.3000,1.0000,1.0000,0.30,0.8230,0.2000,RobotLed,1.0000,0.2021,L_Hand,True,Kit A,Nut,
134.368,0.3000,1.0000,1.0000,0.30,0.8230,0.2000,RobotLed,1.0000,0.2033,L_Hand,True,Kit A,Nut,
134.576,0.3000,1.0000,1.0000,0.30,0.8230,0.2000,RobotLed,1.0000,0.1987,L_Hand,True,Kit A,Nut,
134.784,0.3000,1.0000,1.0000,0.30,0.8230,0.2000,RobotLed,1.0000,0.1825,L_Hand,True,Kit A,Nut,
134.993,0.3000,1.0000,1.0000,0.30,0.8230,0.2000,RobotLed,1.0000,0.1716,L_Hand,True,Kit A,Nut,
135.201,0.3000,1.0000,1.0000,0.30,0.8230,0.2000,RobotLed,1.0000,0.1630,L_Hand,True,Kit A,Nut,
135.409,0.3000,1.0000,1.0000,0.30,0.8230,0.2000,RobotLed,1.0000,0.1553,L_Hand,True,Kit A,Nut,
135.618,0.3000,1.0000,1.0000,0.30,0.8230,0.2000,RobotLed,1.0000,0.1539,L_Hand,True,Kit A,Nut,
135.826,0.3000,1.0000,1.0000,0.30,0.8230,0.2000,RobotLed,1.0000,0.1539,L_Hand,True,Kit A,Nut,
136.034,0.3000,1.0000,1.0000,0.30,0.8230,0.2000,RobotLed,1.0000,0.1277,R_Hand,True,Kit A,Nut,
136.242,0.3000,1.0000,1.0000,0.30,0.8230,0.2000,RobotLed,1.0000,0.1243,R_Hand,True,Kit A,Nut,
136.451,0.3000,1.0000,1.0000,0.30,0.8230,0.2000,RobotLed,1.0000,0.1243,L_Hand,True,Kit A,Nut,
136.659,0.3000,1.0000,1.0000,0.30,0.8230,0.2000,RobotLed,1.0000,0.1293,R_Hand,True,Kit A,Nut,
136.868,0.3000,1.0000,1.0000,0.30,0.8230,0.2000,RobotLed,1.0000,0.1293,L_Hand,True,Kit A,Nut,
137.075,0.3000,1.0000,1.0000,0.30,0.8230,0.2000,RobotLed,1.0000,0.1328,L_Hand,True,Kit A,Nut,
137.284,0.3000,1.0000,1.0000,0.30,0.8230,0.2000,RobotLed,1.0000,0.1328,L_Hand,True,Kit A,Nut,
137.492,0.3000,1.0000,1.0000,0.30,0.8230,0.2000,RobotLed,1.0000,0.1296,L_Hand,True,Kit A,Nut,
137.700,0.3000,1.0000,1.0000,0.30,0.8230,0.2000,RobotLed,1.0000,0.1269,L_Hand,True,Kit A,Nut,
137.909,0.3000,1.0000,1.0000,0.30,0.8230,0.2000,RobotLed,1.0000,0.1269,L_Hand,True,Kit A,Nut,
138.118,0.3000,1.0000,1.0000,0.30,0.8230,0.2000,RobotLed,1.0000,0.1228,R_Hand,True,Kit A,Nut,
138.325,0.3000,1.0000,1.0000,0.30,0.8230,0.2000,RobotLed,1.0000,0.1228,R_Hand,True,Kit A,Nut,
138.534,0.3000,1.0000,1.0000,0.30,0.8230,0.2000,RobotLed,1.0000,0.1228,R_Hand,True,Kit A,Nut,
138.742,0.3000,1.0000,1.0000,0.30,0.8230,0.2000,RobotLed,1.0000,0.1356,R_Hand,True,Kit A,Nut,
138.950,0.3000,1.0000,1.0000,0.30,0.8230,0.2000,RobotLed,1.0000,0.1415,R_Hand,True,Kit A,Nut,
139.159,0.3000,1.0000,1.0000,0.30,0.8230,0.2000,RobotLed,1.0000,0.1415,R_Hand,True,Kit A,Nut,
139.367,0.3000,1.0000,1.0000,0.30,0.8230,0.2000,RobotLed,1.0000,0.1415,R_Hand,True,Kit A,Nut,
139.575,0.3000,1.0000,1.0000,0.30,0.8230,0.2000,RobotLed,1.0000,0.1423,R_Hand,True,Kit A,Nut,
139.784,0.3000,1.0000,1.0000,0.30,0.8230,0.2000,RobotLed,1.0000,0.1402,R_Hand,True,Kit A,Nut,
139.993,0.3000,1.0000,1.0000,0.30,0.8230,0.2000,RobotLed,1.0000,0.1402,R_Hand,True,Kit A,Nut,
140.200,0.3000,1.0000,1.0000,0.30,0.8230,0.2000,RobotLed,1.0000,0.1319,R_Hand,True,Kit A,Nut,
140.410,0.3000,1.0000,1.0000,0.30,0.8230,0.2000,RobotLed,1.0000,0.0879,R_Hand,True,Kit A,Nut,
140.617,0.3000,1.0000,1.0000,0.30,0.8230,0.2000,RobotLed,1.0000,0.0879,R_Hand,True,Kit A,Nut,
140.826,0.3000,1.0000,1.0000,0.30,0.8230,0.2000,RobotLed,1.0000,0.0879,R_Hand,True,Kit A,Nut,
141.034,0.3000,1.0000,1.0000,0.30,0.8230,0.2000,RobotLed,1.0000,0.0879,R_Hand,True,Kit A,Nut,
141.242,0.3000,1.0000,1.0000,0.30,0.8230,0.2000,RobotLed,1.0000,0.0940,R_Hand,True,Kit A,Nut,
141.450,0.3000,1.0000,1.0000,0.30,0.8230,0.2000,RobotLed,1.0000,0.1016,R_Hand,True,Kit A,Nut,
141.659,0.3000,1.0000,1.0000,0.30,0.8230,0.2000,RobotLed,1.0000,0.1016,R_Hand,True,Kit A,Nut,
141.867,0.3000,1.0000,1.0000,0.30,0.8230,0.2000,RobotLed,1.0000,0.1052,L_Hand,True,Kit A,Nut,
142.076,0.3000,1.0000,1.0000,0.30,0.8230,0.2000,RobotLed,1.0000,0.1052,L_Hand,True,Kit A,Nut,
142.284,0.3000,1.0000,1.0000,0.30,0.8230,0.2000,RobotLed,1.0000,0.1020,L_Hand,True,Kit A,Nut,
142.492,0.3000,1.0000,1.0000,0.30,0.8230,0.2000,RobotLed,1.0000,0.0930,L_Hand,True,Kit A,Nut,
142.700,0.3000,1.0000,1.0000,0.30,0.8230,0.2000,RobotLed,1.0000,0.0862,L_Hand,True,Kit A,Nut,
142.909,0.3000,1.0000,1.0000,0.30,0.8230,0.2000,RobotLed,1.0000,0.0862,L_Hand,True,Kit A,Nut,
143.117,0.3000,1.0000,1.0000,0.30,0.8230,0.2000,RobotLed,1.0000,0.0862,L_Hand,True,Kit A,Nut,
143.326,0.3000,1.0000,1.0000,0.30,0.8230,0.2000,RobotLed,1.0000,0.0949,L_Hand,True,Kit A,Nut,
143.534,0.3000,1.0000,1.0000,0.30,0.8230,0.2000,RobotLed,1.0000,0.1037,R_Hand,True,Kit A,Nut,
143.742,0.3000,1.0000,1.0000,0.30,0.8230,0.2000,RobotLed,1.0000,0.0953,R_Hand,True,Kit A,Nut,
143.951,0.3000,1.0000,1.0000,0.30,0.8230,0.2000,RobotLed,1.0000,0.0953,R_Hand,True,Kit A,Nut,
144.159,0.3000,1.0000,1.0000,0.30,0.8230,0.2000,RobotLed,1.0000,0.0994,R_Hand,True,Kit A,Nut,
144.367,0.3000,1.0000,1.0000,0.30,0.8230,0.2000,RobotLed,1.0000,0.1003,R_Hand,True,Kit A,Nut,
144.576,0.3000,1.0000,1.0000,0.30,0.8230,0.2000,RobotLed,1.0000,0.1003,R_Hand,True,Kit A,Nut,
144.784,0.3000,1.0000,1.0000,0.30,0.8230,0.2000,RobotLed,1.0000,0.1008,R_Hand,True,Kit A,Nut,
144.992,0.3000,1.0000,1.0000,0.30,0.8230,0.2000,RobotLed,1.0000,0.1084,R_Hand,True,Kit A,Nut,
145.201,0.3000,1.0000,1.0000,0.30,0.8230,0.2000,RobotLed,1.0000,0.0983,R_Hand,True,Kit A,Nut,
145.409,0.3000,1.0000,1.0000,0.30,0.8230,0.2000,RobotLed,1.0000,0.0900,R_Hand,True,Kit A,Nut,
145.617,0.3000,1.0000,1.0000,0.30,0.8230,0.2000,RobotLed,1.0000,0.0900,R_Hand,True,Kit A,Nut,
145.825,0.3000,1.0000,1.0000,0.30,0.8230,0.2000,RobotLed,1.0000,0.0900,R_Hand,True,Kit A,Nut,
146.033,0.3000,1.0000,1.0000,0.30,0.8230,0.2000,RobotLed,1.0000,0.0911,R_Hand,True,Kit A,Nut,
146.242,0.3000,1.0000,1.0000,0.30,0.8230,0.2000,RobotLed,1.0000,0.0938,R_Hand,True,Kit A,Nut,
146.451,0.3000,1.0000,1.0000,0.30,0.8230,0.2000,RobotLed,1.0000,0.0978,R_Hand,True,Kit A,Nut,
146.659,0.3000,1.0000,1.0000,0.30,0.8230,0.2000,RobotLed,1.0000,0.1340,R_Hand,True,Kit A,Nut,
146.867,0.3000,1.0000,1.0000,0.30,0.8230,0.2000,RobotLed,1.0000,0.1436,R_Hand,True,Kit A,Nut,
147.075,0.3000,1.0000,1.0000,0.30,0.8230,0.2000,RobotLed,1.0000,0.1337,R_Hand,True,Kit A,Nut,
147.284,0.5000,1.0000,1.0000,0.50,0.8230,0.2000,RobotLed,1.0000,0.1337,R_Forearm,True,Kit A,Nut,
147.492,0.3000,1.0000,1.0000,0.30,0.8230,0.2000,RobotLed,1.0000,0.1337,R_Hand,True,Kit A,Nut,
147.700,0.3000,1.0000,1.0000,0.30,0.8230,0.2000,RobotLed,1.0000,0.1351,R_Hand,True,Kit A,Nut,
147.909,0.3000,1.0000,1.0000,0.30,0.8230,0.2000,RobotLed,1.0000,0.1350,R_Hand,True,Kit A,Nut,
148.117,0.3000,1.0000,1.0000,0.30,0.8230,0.8500,RobotLed,1.0000,0.1348,R_Hand,True,Kit A,Nut,
148.325,0.3000,1.0000,1.0000,0.30,0.8230,0.8500,RobotLed,1.0000,0.1348,R_Hand,True,Kit A,Nut,
148.533,0.5000,1.0000,1.0000,0.50,0.8230,0.8500,RobotLed,1.0000,0.1348,R_Forearm,True,Kit A,Nut,
148.742,0.5000,1.0000,1.0000,0.50,0.8230,0.8500,RobotLed,1.0000,0.1161,R_Forearm,True,Kit A,Nut,
148.950,0.3000,1.0000,1.0000,0.30,0.8230,0.8500,RobotLed,1.0000,0.1037,R_Hand,True,Kit A,Nut,
149.158,0.3000,1.0000,1.0000,0.30,0.8230,0.8500,RobotLed,1.0000,0.1037,L_Hand,True,Kit A,Nut,
149.367,0.3000,1.0000,1.0000,0.30,0.8230,0.8500,RobotLed,1.0000,0.1037,L_Hand,True,Kit A,Nut,
149.575,0.3000,1.0000,1.0000,0.30,0.8230,0.8500,RobotLed,1.0000,0.1044,L_Hand,True,Kit A,Nut,
149.783,0.3000,1.0000,1.0000,0.30,0.8230,0.8500,RobotLed,1.0000,0.1044,L_Hand,True,Kit A,Nut,
149.991,0.3000,1.0000,1.0000,0.30,0.8230,0.8500,RobotLed,1.0000,0.1044,L_Hand,True,Kit A,Nut,
150.200,0.3000,1.0000,1.0000,0.30,0.8230,0.8500,RobotLed,1.0000,0.1077,L_Hand,True,Kit A,Nut,
150.408,0.5000,1.0000,1.0000,0.50,0.8230,0.8500,RobotLed,1.0000,0.1088,L_Forearm,True,Kit A,Nut,
150.617,0.5000,1.0000,1.0000,0.50,0.8230,0.8500,RobotLed,1.0000,0.1176,L_Forearm,True,Kit A,Nut,
150.825,0.5000,1.0000,1.0000,0.50,0.8230,0.8500,RobotLed,1.0000,0.1367,R_Forearm,True,Kit A,Nut,
151.033,0.5000,1.0000,1.0000,0.50,0.8230,0.8500,RobotLed,1.0000,0.1464,R_Forearm,True,Kit A,Nut,
151.241,0.5000,1.0000,1.0000,0.50,0.8230,0.8500,RobotLed,1.0000,0.2042,R_Forearm,True,Kit A,Nut,
151.450,0.5000,1.0000,1.0000,0.50,0.8230,0.8500,RobotLed,1.0000,0.2051,R_Forearm,True,Kit A,Nut,
151.658,0.5000,1.0000,1.0000,0.50,0.8230,0.8500,RobotLed,1.0000,0.2388,R_Forearm,True,Kit A,Nut,
151.867,0.5000,1.0000,1.0000,0.50,0.8230,0.8500,RobotLed,1.0000,0.2635,R_Forearm,True,Kit A,Nut,
152.075,0.3000,1.0000,1.0000,0.30,0.8230,0.8500,RobotLed,1.0000,0.2956,L_Hand,True,Kit A,Nut,
152.284,0.3000,1.0000,1.0000,0.30,0.8230,0.8500,RobotLed,1.0000,0.3263,L_Hand,True,Kit A,Nut,
152.492,0.3000,1.0000,1.0000,0.30,0.8230,0.8500,RobotLed,1.0000,0.3567,L_Hand,True,Kit A,Nut,
152.700,0.3000,1.0000,1.0000,0.30,0.8230,0.8500,RobotLed,1.0000,0.3659,L_Hand,True,Kit A,Nut,
152.909,0.5000,1.0000,1.0000,0.50,0.8230,0.8500,RobotLed,1.0000,0.3790,R_Forearm,True,Kit A,Nut,
153.117,0.5000,1.0000,1.0000,0.50,0.8230,0.8500,RobotLed,1.0000,0.3676,R_Forearm,True,Kit A,Nut,
153.325,0.5000,1.0000,1.0000,0.50,0.8230,0.8500,RobotLed,1.0000,0.3631,R_Forearm,True,Kit A,Nut,
153.533,0.5000,1.0000,1.0000,0.50,0.8230,0.8500,RobotLed,1.0000,0.3631,R_Forearm,True,Kit A,Nut,
153.741,0.5000,1.0000,1.0000,0.50,0.8230,0.8500,RobotLed,1.0000,0.3652,R_Forearm,True,Kit A,Nut,
153.950,0.5000,1.0000,1.0000,0.50,0.8230,0.8500,RobotLed,1.0000,0.3690,R_Forearm,True,Kit A,Nut,
154.158,0.5000,1.0000,1.0000,0.50,0.8230,0.8500,RobotLed,1.0000,0.3695,R_Forearm,True,Kit A,Nut,
154.366,0.5000,1.0000,1.0000,0.50,0.8230,0.8500,RobotLed,1.0000,0.3694,R_Forearm,True,Kit A,Nut,
154.575,0.5000,1.0000,1.0000,0.50,0.8230,0.8500,RobotLed,1.0000,0.3694,R_Forearm,True,Kit A,Nut,
154.783,0.3000,1.0000,1.0000,0.30,0.8230,0.8500,RobotLed,1.0000,0.3695,L_Hand,True,Kit A,Nut,
154.991,0.3000,1.0000,1.0000,0.30,0.8230,0.8500,RobotLed,1.0000,0.3514,R_Hand,True,Kit A,Nut,
155.200,0.3000,1.0000,1.0000,0.30,0.8230,0.8500,RobotLed,1.0000,0.3514,L_Hand,True,Kit A,Nut,
155.409,0.3000,1.0000,1.0000,0.30,0.8230,0.8500,RobotLed,1.0000,0.2963,L_Hand,True,Kit A,Nut,
155.617,0.3000,1.0000,1.0000,0.30,0.8230,0.8500,RobotLed,1.0000,0.2691,L_Hand,True,Kit A,Nut,
155.825,0.3000,1.0000,1.0000,0.30,0.8230,0.8500,RobotLed,1.0000,0.2670,L_Hand,True,Kit A,Nut,
156.033,0.3000,1.0000,1.0000,0.30,0.8230,0.8500,RobotLed,1.0000,0.2670,L_Hand,True,Kit A,Nut,
156.242,0.3000,1.0000,1.0000,0.30,0.8230,0.8500,RobotLed,1.0000,0.2880,L_Hand,True,Kit A,Nut,
156.451,0.3000,1.0000,1.0000,0.30,0.8230,0.8500,RobotLed,1.0000,0.2942,L_Hand,True,Kit A,Nut,
156.658,0.3000,1.0000,1.0000,0.30,0.8230,0.8500,RobotLed,1.0000,0.3023,L_Hand,True,Kit A,Nut,
156.867,0.3000,1.0000,1.0000,0.30,0.8230,0.8500,RobotLed,1.0000,0.3230,L_Hand,True,Kit A,Nut,
157.075,0.3000,1.0000,1.0000,0.30,0.8230,0.8500,HumanLed,0.0000,0.3230,L_Hand,True,Kit A,Nut,
